,ip,city,lat,lon,time,day,month,year,page
0,216.197.71.109,Charlottesville,38.03035,-78.4793,21:14:53,24,February,2024,Lineup_Dashboard
1,216.197.71.109,Charlottesville,38.03035,-78.4793,21:15:29,24,February,2024,Lineup_Dashboard
2,216.197.71.109,Charlottesville,38.03035,-78.4793,21:15:55,24,February,2024,Lineup_Dashboard
3,216.197.71.109,Charlottesville,38.03035,-78.4793,21:36:44,24,February,2024,Lineup_Dashboard
4,216.197.71.109,Charlottesville,38.03035,-78.4793,21:37:21,24,February,2024,Lineup_Dashboard
5,216.197.71.109,Charlottesville,38.03035,-78.4793,21:37:37,24,February,2024,Lineup_Dashboard
6,216.197.71.109,Charlottesville,38.03035,-78.4793,21:37:39,24,February,2024,Lineup_Dashboard
7,216.197.71.109,Charlottesville,38.03035,-78.4793,21:42:05,24,February,2024,Lineup_Dashboard
8,216.197.71.109,Charlottesville,38.03035,-78.4793,21:42:38,24,February,2024,Lineup_Dashboard
9,216.197.71.109,Charlottesville,38.02931,-78.47668,19:17:23,27,February,2024,Lineup_Dashboard
10,216.197.71.109,Charlottesville,38.02931,-78.47668,19:18:42,27,February,2024,Lineup_Dashboard
11,216.197.71.109,Charlottesville,38.02931,-78.47668,19:18:44,27,February,2024,Live_Game_Dashboard
12,216.197.71.109,Charlottesville,38.02931,-78.47668,19:18:45,27,February,2024,Hello
13,216.197.71.109,Charlottesville,38.02931,-78.47668,19:18:47,27,February,2024,Player_Dashboard
14,216.197.71.109,Charlottesville,38.02931,-78.47668,19:18:49,27,February,2024,All_Raw_Data
15,216.197.71.109,Charlottesville,38.02931,-78.47668,19:56:46,28,February,2024,Hello
16,216.197.71.109,Charlottesville,38.02931,-78.47668,19:58:59,28,February,2024,Hello
17,73.123.229.233,Weare,43.12444,-71.76812,16:56:51,2,March,2024,Hello
18,73.123.229.233,Weare,43.12444,-71.76812,16:57:06,2,March,2024,Player_Dashboard
19,73.123.229.233,,,,17:01:49,2,March,2024,Player_Dashboard
20,73.123.229.233,Weare,43.12444,-71.76812,17:02:15,2,March,2024,Player_Dashboard
21,73.123.229.233,Weare,43.12444,-71.76812,17:04:56,2,March,2024,Player_Dashboard
22,73.123.229.233,Weare,43.12444,-71.76812,17:05:54,2,March,2024,Projects
23,73.123.229.233,Weare,43.12444,-71.76812,17:05:58,2,March,2024,Projects
24,73.123.229.233,Weare,43.12444,-71.76812,17:05:59,2,March,2024,Projects
25,73.123.229.233,Weare,43.12444,-71.76812,17:06:00,2,March,2024,Projects
26,73.123.229.233,Weare,43.12444,-71.76812,17:06:00,2,March,2024,Projects
27,73.123.229.233,Weare,43.12444,-71.76812,17:06:01,2,March,2024,Projects
28,73.123.229.233,Weare,43.12444,-71.76812,17:07:16,2,March,2024,Projects
29,50.234.174.228,Mt Laurel,39.96657,-74.90327,17:57:47,2,March,2024,All_Raw_Data
30,50.234.174.228,Mt Laurel,39.96657,-74.90327,17:57:50,2,March,2024,Hello
31,50.234.174.228,Mt Laurel,39.96657,-74.90327,17:58:14,2,March,2024,Hello
32,50.234.174.228,,,,08:14:24,3,March,2024,Hello
33,4.1.81.166,Monroe,32.58997,-92.06862,06:56:02,5,March,2024,Hello
34,4.1.81.166,Monroe,32.58997,-92.06862,06:56:08,5,March,2024,Projects
35,4.1.81.166,Monroe,32.58997,-92.06862,06:56:13,5,March,2024,Live_Game_Dashboard
36,4.1.81.166,Monroe,32.58997,-92.06862,06:56:22,5,March,2024,Player_Dashboard
37,4.1.81.166,Monroe,32.58997,-92.06862,06:58:13,5,March,2024,Player_Dashboard
38,73.148.104.3,Carloover,37.91774,-79.85622,10:17:32,6,March,2024,Hello
39,73.148.104.3,Carloover,37.91774,-79.85622,10:18:31,6,March,2024,Player_Dashboard
40,73.148.104.3,Carloover,37.91774,-79.85622,10:32:11,6,March,2024,Player_Dashboard
41,73.177.217.59,Carloover,37.91774,-79.85622,16:19:22,6,March,2024,Hello
42,73.177.217.59,Carloover,37.91774,-79.85622,16:19:30,6,March,2024,Player_Dashboard
43,73.177.217.59,Carloover,37.91774,-79.85622,16:19:48,6,March,2024,Player_Dashboard
44,73.148.104.3,Carloover,37.91774,-79.85622,10:10:59,7,March,2024,Hello
45,73.148.104.3,Carloover,37.91774,-79.85622,10:12:56,7,March,2024,Hello
46,73.148.104.3,Carloover,37.91774,-79.85622,10:12:58,7,March,2024,Roster_Construction_Model
47,73.148.104.3,Carloover,37.91774,-79.85622,10:34:32,7,March,2024,Roster_Construction_Model
48,73.148.104.3,Carloover,37.91774,-79.85622,10:35:13,7,March,2024,Roster_Construction_Model
49,73.148.104.3,Carloover,37.91774,-79.85622,10:35:22,7,March,2024,Roster_Construction_Model
50,73.148.104.3,Carloover,37.91774,-79.85622,10:35:26,7,March,2024,Roster_Construction_Model
51,73.148.104.3,Carloover,37.91774,-79.85622,10:35:36,7,March,2024,Roster_Construction_Model
52,73.148.104.3,Carloover,37.91774,-79.85622,10:35:40,7,March,2024,Roster_Construction_Model
53,73.148.104.3,Carloover,37.91774,-79.85622,10:35:41,7,March,2024,Roster_Construction_Model
54,73.148.104.3,Carloover,37.91774,-79.85622,10:36:43,7,March,2024,Roster_Construction_Model
55,73.148.104.3,Carloover,37.91774,-79.85622,10:36:44,7,March,2024,Roster_Construction_Model
56,73.148.104.3,Carloover,37.91774,-79.85622,10:36:44,7,March,2024,Roster_Construction_Model
57,73.148.104.3,Carloover,37.91774,-79.85622,10:36:46,7,March,2024,Roster_Construction_Model
58,73.148.104.3,Carloover,37.91774,-79.85622,10:36:48,7,March,2024,Roster_Construction_Model
59,73.148.104.3,Carloover,37.91774,-79.85622,10:36:49,7,March,2024,Roster_Construction_Model
60,73.148.104.3,Carloover,37.91774,-79.85622,10:36:50,7,March,2024,Roster_Construction_Model
61,73.148.104.3,Carloover,37.91774,-79.85622,10:36:50,7,March,2024,Roster_Construction_Model
62,73.148.104.3,Carloover,37.91774,-79.85622,10:37:55,7,March,2024,Roster_Construction_Model
63,73.148.104.3,Carloover,37.91774,-79.85622,10:37:59,7,March,2024,Roster_Construction_Model
64,73.148.104.3,Carloover,37.91774,-79.85622,10:38:00,7,March,2024,Roster_Construction_Model
65,73.148.104.3,Carloover,37.91774,-79.85622,10:38:02,7,March,2024,Roster_Construction_Model
66,73.148.104.3,Carloover,37.91774,-79.85622,10:38:11,7,March,2024,Roster_Construction_Model
67,73.148.104.3,Carloover,37.91774,-79.85622,10:38:13,7,March,2024,Roster_Construction_Model
68,73.148.104.3,Carloover,37.91774,-79.85622,10:41:31,7,March,2024,Roster_Construction_Model
69,73.148.104.3,Carloover,37.91774,-79.85622,10:43:29,7,March,2024,Roster_Construction_Model
70,73.148.104.3,Carloover,37.91774,-79.85622,10:43:32,7,March,2024,Roster_Construction_Model
71,73.148.104.3,Carloover,37.91774,-79.85622,10:43:36,7,March,2024,Roster_Construction_Model
72,73.148.104.3,Carloover,37.91774,-79.85622,10:43:39,7,March,2024,Roster_Construction_Model
73,73.148.104.3,Carloover,37.91774,-79.85622,10:43:39,7,March,2024,Roster_Construction_Model
74,73.148.104.3,Carloover,37.91774,-79.85622,10:43:39,7,March,2024,Roster_Construction_Model
75,73.148.104.3,Carloover,37.91774,-79.85622,10:43:40,7,March,2024,Roster_Construction_Model
76,73.148.104.3,Carloover,37.91774,-79.85622,10:43:40,7,March,2024,Roster_Construction_Model
77,73.148.104.3,Carloover,37.91774,-79.85622,10:43:41,7,March,2024,Roster_Construction_Model
78,73.148.104.3,Carloover,37.91774,-79.85622,10:43:41,7,March,2024,Roster_Construction_Model
79,73.148.104.3,Carloover,37.91774,-79.85622,10:43:43,7,March,2024,Roster_Construction_Model
80,73.148.104.3,Carloover,37.91774,-79.85622,10:44:00,7,March,2024,Roster_Construction_Model
81,73.148.104.3,Carloover,37.91774,-79.85622,10:44:05,7,March,2024,Roster_Construction_Model
82,73.148.104.3,Carloover,37.91774,-79.85622,10:44:08,7,March,2024,Roster_Construction_Model
83,73.148.104.3,Carloover,37.91774,-79.85622,10:44:09,7,March,2024,Roster_Construction_Model
84,73.148.104.3,Carloover,37.91774,-79.85622,10:44:11,7,March,2024,Roster_Construction_Model
85,73.148.104.3,Carloover,37.91774,-79.85622,10:44:14,7,March,2024,Roster_Construction_Model
86,73.148.104.3,Carloover,37.91774,-79.85622,10:44:15,7,March,2024,Roster_Construction_Model
87,73.148.104.3,Carloover,37.91774,-79.85622,10:44:25,7,March,2024,Roster_Construction_Model
88,73.148.104.3,Carloover,37.91774,-79.85622,10:44:29,7,March,2024,Roster_Construction_Model
89,73.148.104.3,Carloover,37.91774,-79.85622,10:44:30,7,March,2024,Roster_Construction_Model
90,73.148.104.3,Carloover,37.91774,-79.85622,10:44:32,7,March,2024,Roster_Construction_Model
91,73.148.104.3,Carloover,37.91774,-79.85622,10:44:33,7,March,2024,Roster_Construction_Model
92,73.148.104.3,Carloover,37.91774,-79.85622,10:44:56,7,March,2024,Roster_Construction_Model
93,73.148.104.3,Carloover,37.91774,-79.85622,10:45:00,7,March,2024,Roster_Construction_Model
94,73.148.104.3,Carloover,37.91774,-79.85622,10:45:03,7,March,2024,Roster_Construction_Model
95,73.148.104.3,Carloover,37.91774,-79.85622,10:45:08,7,March,2024,Roster_Construction_Model
96,73.148.104.3,Carloover,37.91774,-79.85622,10:45:09,7,March,2024,Roster_Construction_Model
97,73.148.104.3,Carloover,37.91774,-79.85622,10:45:41,7,March,2024,Roster_Construction_Model
98,73.148.104.3,Carloover,37.91774,-79.85622,10:45:44,7,March,2024,Roster_Construction_Model
99,73.148.104.3,Carloover,37.91774,-79.85622,10:45:46,7,March,2024,Roster_Construction_Model
100,73.148.104.3,Carloover,37.91774,-79.85622,10:45:48,7,March,2024,Roster_Construction_Model
101,73.148.104.3,Carloover,37.91774,-79.85622,10:45:48,7,March,2024,Roster_Construction_Model
102,73.148.104.3,Carloover,37.91774,-79.85622,10:45:50,7,March,2024,Roster_Construction_Model
103,73.148.104.3,Carloover,37.91774,-79.85622,10:47:27,7,March,2024,Roster_Construction_Model
104,73.148.104.3,Carloover,37.91774,-79.85622,10:47:46,7,March,2024,Roster_Construction_Model
105,73.148.104.3,Carloover,37.91774,-79.85622,10:47:52,7,March,2024,Roster_Construction_Model
106,73.148.104.3,Carloover,37.91774,-79.85622,10:47:52,7,March,2024,Roster_Construction_Model
107,73.148.104.3,Carloover,37.91774,-79.85622,10:47:53,7,March,2024,Roster_Construction_Model
108,73.148.104.3,Carloover,37.91774,-79.85622,10:47:56,7,March,2024,Roster_Construction_Model
109,73.148.104.3,Carloover,37.91774,-79.85622,10:47:57,7,March,2024,Roster_Construction_Model
110,73.148.104.3,Carloover,37.91774,-79.85622,10:48:18,7,March,2024,Roster_Construction_Model
111,73.148.104.3,Carloover,37.91774,-79.85622,10:48:21,7,March,2024,Roster_Construction_Model
112,73.148.104.3,Carloover,37.91774,-79.85622,10:48:22,7,March,2024,Roster_Construction_Model
113,73.148.104.3,Carloover,37.91774,-79.85622,10:48:37,7,March,2024,Roster_Construction_Model
114,73.148.104.3,Carloover,37.91774,-79.85622,10:48:40,7,March,2024,Roster_Construction_Model
115,73.148.104.3,Carloover,37.91774,-79.85622,10:48:41,7,March,2024,Roster_Construction_Model
116,73.148.104.3,Carloover,37.91774,-79.85622,10:48:56,7,March,2024,Roster_Construction_Model
117,73.148.104.3,Carloover,37.91774,-79.85622,10:48:57,7,March,2024,Roster_Construction_Model
118,73.148.104.3,Carloover,37.91774,-79.85622,10:48:58,7,March,2024,Roster_Construction_Model
119,73.148.104.3,Carloover,37.91774,-79.85622,10:49:00,7,March,2024,Roster_Construction_Model
120,73.148.104.3,Carloover,37.91774,-79.85622,10:49:03,7,March,2024,Roster_Construction_Model
121,73.148.104.3,Carloover,37.91774,-79.85622,10:49:05,7,March,2024,Roster_Construction_Model
122,73.148.104.3,Carloover,37.91774,-79.85622,10:49:07,7,March,2024,Roster_Construction_Model
123,73.148.104.3,Carloover,37.91774,-79.85622,10:49:54,7,March,2024,Roster_Construction_Model
124,73.148.104.3,Carloover,37.91774,-79.85622,10:49:58,7,March,2024,Roster_Construction_Model
125,73.148.104.3,Carloover,37.91774,-79.85622,10:50:00,7,March,2024,Roster_Construction_Model
126,73.148.104.3,Carloover,37.91774,-79.85622,10:50:06,7,March,2024,Roster_Construction_Model
127,73.148.104.3,Carloover,37.91774,-79.85622,10:50:08,7,March,2024,Roster_Construction_Model
128,73.148.104.3,Carloover,37.91774,-79.85622,10:50:14,7,March,2024,Roster_Construction_Model
129,73.148.104.3,Carloover,37.91774,-79.85622,10:50:14,7,March,2024,Roster_Construction_Model
130,73.148.104.3,Carloover,37.91774,-79.85622,10:50:15,7,March,2024,Roster_Construction_Model
131,73.148.104.3,Carloover,37.91774,-79.85622,10:50:16,7,March,2024,Roster_Construction_Model
132,73.148.104.3,Carloover,37.91774,-79.85622,10:50:16,7,March,2024,Roster_Construction_Model
133,73.148.104.3,Carloover,37.91774,-79.85622,10:53:09,7,March,2024,Roster_Construction_Model
134,73.148.104.3,Carloover,37.91774,-79.85622,10:53:12,7,March,2024,Roster_Construction_Model
135,73.148.104.3,Carloover,37.91774,-79.85622,10:53:15,7,March,2024,Roster_Construction_Model
136,73.148.104.3,Carloover,37.91774,-79.85622,10:53:20,7,March,2024,Roster_Construction_Model
137,73.148.104.3,Carloover,37.91774,-79.85622,10:53:22,7,March,2024,Roster_Construction_Model
138,73.148.104.3,Carloover,37.91774,-79.85622,10:53:25,7,March,2024,Roster_Construction_Model
139,73.148.104.3,Carloover,37.91774,-79.85622,10:53:26,7,March,2024,Roster_Construction_Model
140,73.148.104.3,Carloover,37.91774,-79.85622,10:53:26,7,March,2024,Roster_Construction_Model
141,73.148.104.3,Carloover,37.91774,-79.85622,10:53:27,7,March,2024,Roster_Construction_Model
142,73.148.104.3,Carloover,37.91774,-79.85622,10:53:46,7,March,2024,Roster_Construction_Model
143,73.148.104.3,Carloover,37.91774,-79.85622,10:53:49,7,March,2024,Roster_Construction_Model
144,73.148.104.3,Carloover,37.91774,-79.85622,10:53:50,7,March,2024,Roster_Construction_Model
145,73.148.104.3,Carloover,37.91774,-79.85622,10:54:58,7,March,2024,Roster_Construction_Model
146,73.148.104.3,Carloover,37.91774,-79.85622,10:55:01,7,March,2024,Roster_Construction_Model
147,73.148.104.3,Carloover,37.91774,-79.85622,10:55:02,7,March,2024,Roster_Construction_Model
148,73.148.104.3,Carloover,37.91774,-79.85622,10:58:44,7,March,2024,Roster_Construction_Model
149,73.148.104.3,Carloover,37.91774,-79.85622,10:58:47,7,March,2024,Roster_Construction_Model
150,73.148.104.3,Carloover,37.91774,-79.85622,10:58:48,7,March,2024,Roster_Construction_Model
151,73.148.104.3,Carloover,37.91774,-79.85622,10:59:11,7,March,2024,Roster_Construction_Model
152,73.148.104.3,Carloover,37.91774,-79.85622,10:59:14,7,March,2024,Roster_Construction_Model
153,73.148.104.3,Carloover,37.91774,-79.85622,10:59:16,7,March,2024,Roster_Construction_Model
154,73.148.104.3,Carloover,37.91774,-79.85622,10:59:50,7,March,2024,Roster_Construction_Model
155,73.148.104.3,Carloover,37.91774,-79.85622,10:59:53,7,March,2024,Roster_Construction_Model
156,73.148.104.3,Carloover,37.91774,-79.85622,10:59:55,7,March,2024,Roster_Construction_Model
157,73.148.104.3,Carloover,37.91774,-79.85622,10:59:56,7,March,2024,Roster_Construction_Model
158,73.148.104.3,Carloover,37.91774,-79.85622,11:00:54,7,March,2024,Roster_Construction_Model
159,73.148.104.3,Carloover,37.91774,-79.85622,11:00:57,7,March,2024,Roster_Construction_Model
160,73.148.104.3,Carloover,37.91774,-79.85622,11:01:00,7,March,2024,Roster_Construction_Model
161,73.148.104.3,Carloover,37.91774,-79.85622,11:01:01,7,March,2024,Roster_Construction_Model
162,73.148.104.3,Carloover,37.91774,-79.85622,11:01:02,7,March,2024,Roster_Construction_Model
163,73.148.104.3,Carloover,37.91774,-79.85622,11:01:02,7,March,2024,Roster_Construction_Model
164,73.148.104.3,Carloover,37.91774,-79.85622,11:01:04,7,March,2024,Roster_Construction_Model
165,73.148.104.3,Carloover,37.91774,-79.85622,11:01:30,7,March,2024,Roster_Construction_Model
166,73.148.104.3,Carloover,37.91774,-79.85622,11:02:23,7,March,2024,Roster_Construction_Model
167,73.148.104.3,Carloover,37.91774,-79.85622,11:02:26,7,March,2024,Roster_Construction_Model
168,73.148.104.3,Carloover,37.91774,-79.85622,11:02:36,7,March,2024,Roster_Construction_Model
169,73.148.104.3,Carloover,37.91774,-79.85622,11:02:38,7,March,2024,Roster_Construction_Model
170,73.148.104.3,Carloover,37.91774,-79.85622,11:02:42,7,March,2024,Roster_Construction_Model
171,73.148.104.3,Carloover,37.91774,-79.85622,11:02:44,7,March,2024,Roster_Construction_Model
172,73.148.104.3,Carloover,37.91774,-79.85622,11:03:28,7,March,2024,Roster_Construction_Model
173,73.148.104.3,Carloover,37.91774,-79.85622,11:03:30,7,March,2024,Roster_Construction_Model
174,73.148.104.3,Carloover,37.91774,-79.85622,11:07:20,7,March,2024,Roster_Construction_Model
175,73.148.104.3,Carloover,37.91774,-79.85622,11:07:24,7,March,2024,Roster_Construction_Model
176,73.148.104.3,Carloover,37.91774,-79.85622,11:07:28,7,March,2024,Roster_Construction_Model
177,73.148.104.3,Carloover,37.91774,-79.85622,11:07:31,7,March,2024,Roster_Construction_Model
178,73.148.104.3,Carloover,37.91774,-79.85622,11:07:45,7,March,2024,Roster_Construction_Model
179,73.148.104.3,Carloover,37.91774,-79.85622,11:07:47,7,March,2024,Roster_Construction_Model
180,73.148.104.3,Carloover,37.91774,-79.85622,11:08:18,7,March,2024,Roster_Construction_Model
181,73.148.104.3,Carloover,37.91774,-79.85622,11:10:22,7,March,2024,Roster_Construction_Model
182,73.148.104.3,Carloover,37.91774,-79.85622,11:10:25,7,March,2024,Roster_Construction_Model
183,73.148.104.3,Carloover,37.91774,-79.85622,11:10:27,7,March,2024,Roster_Construction_Model
184,73.148.104.3,Carloover,37.91774,-79.85622,11:10:29,7,March,2024,Roster_Construction_Model
185,73.148.104.3,Carloover,37.91774,-79.85622,11:10:33,7,March,2024,Roster_Construction_Model
186,73.148.104.3,Carloover,37.91774,-79.85622,11:10:39,7,March,2024,Roster_Construction_Model
187,73.148.104.3,Carloover,37.91774,-79.85622,11:11:05,7,March,2024,Roster_Construction_Model
188,73.148.104.3,Carloover,37.91774,-79.85622,11:11:05,7,March,2024,Roster_Construction_Model
189,73.148.104.3,Carloover,37.91774,-79.85622,11:11:06,7,March,2024,Roster_Construction_Model
190,73.148.104.3,Carloover,37.91774,-79.85622,11:11:07,7,March,2024,Roster_Construction_Model
191,73.148.104.3,Carloover,37.91774,-79.85622,11:11:07,7,March,2024,Roster_Construction_Model
192,73.148.104.3,Carloover,37.91774,-79.85622,11:11:07,7,March,2024,Roster_Construction_Model
193,73.148.104.3,Carloover,37.91774,-79.85622,11:11:08,7,March,2024,Roster_Construction_Model
194,73.148.104.3,Carloover,37.91774,-79.85622,11:11:09,7,March,2024,Roster_Construction_Model
195,73.148.104.3,Carloover,37.91774,-79.85622,11:11:09,7,March,2024,Roster_Construction_Model
196,73.148.104.3,Carloover,37.91774,-79.85622,11:11:09,7,March,2024,Roster_Construction_Model
197,73.148.104.3,Carloover,37.91774,-79.85622,11:11:10,7,March,2024,Roster_Construction_Model
198,73.148.104.3,Carloover,37.91774,-79.85622,11:11:10,7,March,2024,Roster_Construction_Model
199,73.148.104.3,Carloover,37.91774,-79.85622,11:11:12,7,March,2024,Roster_Construction_Model
200,73.148.104.3,Carloover,37.91774,-79.85622,11:11:15,7,March,2024,Roster_Construction_Model
201,73.148.104.3,Carloover,37.91774,-79.85622,11:11:47,7,March,2024,Roster_Construction_Model
202,73.148.104.3,Carloover,37.91774,-79.85622,11:11:48,7,March,2024,Roster_Construction_Model
203,73.148.104.3,Carloover,37.91774,-79.85622,11:11:54,7,March,2024,Roster_Construction_Model
204,73.148.104.3,Carloover,37.91774,-79.85622,11:11:57,7,March,2024,Roster_Construction_Model
205,73.148.104.3,Carloover,37.91774,-79.85622,11:13:28,7,March,2024,Roster_Construction_Model
206,73.148.104.3,Carloover,37.91774,-79.85622,11:13:32,7,March,2024,Roster_Construction_Model
207,73.148.104.3,Carloover,37.91774,-79.85622,11:13:37,7,March,2024,Roster_Construction_Model
208,73.148.104.3,Carloover,37.91774,-79.85622,11:14:02,7,March,2024,Roster_Construction_Model
209,73.148.104.3,Carloover,37.91774,-79.85622,11:14:04,7,March,2024,Roster_Construction_Model
210,73.148.104.3,Carloover,37.91774,-79.85622,11:14:15,7,March,2024,Roster_Construction_Model
211,73.148.104.3,Carloover,37.91774,-79.85622,11:14:18,7,March,2024,Roster_Construction_Model
212,73.148.104.3,Carloover,37.91774,-79.85622,11:20:44,7,March,2024,Roster_Construction_Model
213,73.148.104.3,Carloover,37.91774,-79.85622,11:21:05,7,March,2024,Roster_Construction_Model
214,73.148.104.3,Carloover,37.91774,-79.85622,11:21:10,7,March,2024,Roster_Construction_Model
215,73.148.104.3,Carloover,37.91774,-79.85622,11:21:11,7,March,2024,Roster_Construction_Model
216,73.148.104.3,Carloover,37.91774,-79.85622,11:22:23,7,March,2024,Roster_Construction_Model
217,73.148.104.3,Carloover,37.91774,-79.85622,11:22:27,7,March,2024,Roster_Construction_Model
218,73.148.104.3,Carloover,37.91774,-79.85622,11:22:27,7,March,2024,Roster_Construction_Model
219,73.148.104.3,Carloover,37.91774,-79.85622,11:23:20,7,March,2024,Roster_Construction_Model
220,73.148.104.3,Carloover,37.91774,-79.85622,11:23:26,7,March,2024,Roster_Construction_Model
221,73.148.104.3,Carloover,37.91774,-79.85622,11:23:27,7,March,2024,Roster_Construction_Model
222,73.148.104.3,Carloover,37.91774,-79.85622,11:23:27,7,March,2024,Roster_Construction_Model
223,73.148.104.3,Carloover,37.91774,-79.85622,11:23:28,7,March,2024,Roster_Construction_Model
224,73.148.104.3,Carloover,37.91774,-79.85622,11:24:45,7,March,2024,Roster_Construction_Model
225,73.148.104.3,Carloover,37.91774,-79.85622,11:24:49,7,March,2024,Roster_Construction_Model
226,73.148.104.3,Carloover,37.91774,-79.85622,11:25:02,7,March,2024,Roster_Construction_Model
227,73.148.104.3,Carloover,37.91774,-79.85622,11:25:04,7,March,2024,Roster_Construction_Model
228,73.148.104.3,Carloover,37.91774,-79.85622,11:25:07,7,March,2024,Roster_Construction_Model
229,73.148.104.3,Carloover,37.91774,-79.85622,11:25:10,7,March,2024,Roster_Construction_Model
230,73.148.104.3,Carloover,37.91774,-79.85622,11:25:12,7,March,2024,Roster_Construction_Model
231,73.148.104.3,Carloover,37.91774,-79.85622,11:25:12,7,March,2024,Roster_Construction_Model
232,73.148.104.3,Carloover,37.91774,-79.85622,11:25:13,7,March,2024,Roster_Construction_Model
233,73.148.104.3,Carloover,37.91774,-79.85622,11:25:14,7,March,2024,Roster_Construction_Model
234,73.148.104.3,Carloover,37.91774,-79.85622,11:25:15,7,March,2024,Roster_Construction_Model
235,73.148.104.3,Carloover,37.91774,-79.85622,11:26:56,7,March,2024,Roster_Construction_Model
236,73.148.104.3,Carloover,37.91774,-79.85622,11:26:59,7,March,2024,Roster_Construction_Model
237,73.148.104.3,Carloover,37.91774,-79.85622,11:27:01,7,March,2024,Roster_Construction_Model
238,73.148.104.3,Carloover,37.91774,-79.85622,11:27:04,7,March,2024,Roster_Construction_Model
239,73.148.104.3,Carloover,37.91774,-79.85622,11:27:06,7,March,2024,Roster_Construction_Model
240,73.148.104.3,Carloover,37.91774,-79.85622,11:27:10,7,March,2024,Roster_Construction_Model
241,73.148.104.3,Carloover,37.91774,-79.85622,11:27:13,7,March,2024,Roster_Construction_Model
242,73.148.104.3,Carloover,37.91774,-79.85622,11:27:16,7,March,2024,Roster_Construction_Model
243,73.148.104.3,Carloover,37.91774,-79.85622,11:27:22,7,March,2024,Roster_Construction_Model
244,73.148.104.3,Carloover,37.91774,-79.85622,11:27:25,7,March,2024,Roster_Construction_Model
245,73.148.104.3,Carloover,37.91774,-79.85622,11:27:28,7,March,2024,Roster_Construction_Model
246,73.148.104.3,Carloover,37.91774,-79.85622,11:27:47,7,March,2024,Roster_Construction_Model
247,73.148.104.3,Carloover,37.91774,-79.85622,11:27:51,7,March,2024,Roster_Construction_Model
248,73.148.104.3,Carloover,37.91774,-79.85622,11:27:52,7,March,2024,Roster_Construction_Model
249,73.148.104.3,Carloover,37.91774,-79.85622,11:27:54,7,March,2024,Roster_Construction_Model
250,73.148.104.3,Carloover,37.91774,-79.85622,11:28:01,7,March,2024,Roster_Construction_Model
251,73.148.104.3,Carloover,37.91774,-79.85622,11:28:04,7,March,2024,Roster_Construction_Model
252,73.148.104.3,Carloover,37.91774,-79.85622,11:28:23,7,March,2024,Hello
253,73.148.104.3,Carloover,37.91774,-79.85622,11:28:24,7,March,2024,Projects
254,73.148.104.3,Carloover,37.91774,-79.85622,11:28:42,7,March,2024,Hello
255,73.148.104.3,Carloover,37.91774,-79.85622,11:28:44,7,March,2024,Roster_Construction_Model
256,73.148.104.3,Carloover,37.91774,-79.85622,11:29:05,7,March,2024,Roster_Construction_Model
257,73.148.104.3,,,,11:32:26,7,March,2024,Roster_Construction_Model
258,73.148.104.3,Carloover,37.91774,-79.85622,12:17:10,7,March,2024,Roster_Construction_Model
259,73.148.104.3,Carloover,37.91774,-79.85622,13:51:30,7,March,2024,Roster_Construction_Model
260,73.148.104.3,Carloover,37.91774,-79.85622,14:23:54,7,March,2024,Roster_Construction_Model
261,199.111.224.80,Charlottesville,38.04112,-78.47154,14:23:56,7,March,2024,Roster_Construction_Model
262,199.111.224.80,Charlottesville,38.04112,-78.47154,14:26:00,7,March,2024,Roster_Construction_Model
263,199.111.224.80,Charlottesville,38.04112,-78.47154,14:26:03,7,March,2024,Roster_Construction_Model
264,199.111.224.80,Charlottesville,38.04112,-78.47154,14:26:04,7,March,2024,Roster_Construction_Model
265,199.111.224.80,Charlottesville,38.04112,-78.47154,14:26:05,7,March,2024,Roster_Construction_Model
266,199.111.224.80,Charlottesville,38.04112,-78.47154,14:26:29,7,March,2024,Roster_Construction_Model
267,199.111.224.80,Charlottesville,38.04112,-78.47154,14:26:48,7,March,2024,Roster_Construction_Model
268,199.111.224.80,Charlottesville,38.04112,-78.47154,14:26:50,7,March,2024,Roster_Construction_Model
269,199.111.224.80,Charlottesville,38.04112,-78.47154,14:26:52,7,March,2024,Roster_Construction_Model
270,199.111.224.80,Charlottesville,38.04112,-78.47154,14:26:53,7,March,2024,Roster_Construction_Model
271,199.111.224.80,Charlottesville,38.04112,-78.47154,14:26:54,7,March,2024,Roster_Construction_Model
272,199.111.224.80,Charlottesville,38.04112,-78.47154,14:26:59,7,March,2024,Roster_Construction_Model
273,199.111.224.80,Charlottesville,38.04112,-78.47154,14:27:03,7,March,2024,Roster_Construction_Model
274,199.111.224.80,Charlottesville,38.04112,-78.47154,14:27:04,7,March,2024,Roster_Construction_Model
275,199.111.224.80,Charlottesville,38.04112,-78.47154,14:27:05,7,March,2024,Roster_Construction_Model
276,199.111.224.80,Charlottesville,38.04112,-78.47154,14:27:07,7,March,2024,Roster_Construction_Model
277,199.111.224.80,Charlottesville,38.04112,-78.47154,14:27:12,7,March,2024,Roster_Construction_Model
278,199.111.224.80,Charlottesville,38.04112,-78.47154,14:27:13,7,March,2024,Roster_Construction_Model
279,199.111.224.80,Charlottesville,38.04112,-78.47154,14:27:16,7,March,2024,Roster_Construction_Model
280,199.111.224.80,Charlottesville,38.04112,-78.47154,14:27:19,7,March,2024,Roster_Construction_Model
281,199.111.224.80,Charlottesville,38.04112,-78.47154,14:28:35,7,March,2024,Roster_Construction_Model
282,199.111.224.80,Charlottesville,38.04112,-78.47154,14:28:38,7,March,2024,Roster_Construction_Model
283,199.111.224.80,Charlottesville,38.04112,-78.47154,14:28:40,7,March,2024,Roster_Construction_Model
284,199.111.224.80,Charlottesville,38.04112,-78.47154,14:28:44,7,March,2024,Roster_Construction_Model
285,199.111.224.80,Charlottesville,38.04112,-78.47154,14:29:14,7,March,2024,Roster_Construction_Model
286,199.111.224.80,Charlottesville,38.04112,-78.47154,14:29:16,7,March,2024,Roster_Construction_Model
287,199.111.224.80,Charlottesville,38.04112,-78.47154,14:29:17,7,March,2024,Roster_Construction_Model
288,199.111.224.80,Charlottesville,38.04112,-78.47154,14:29:27,7,March,2024,Roster_Construction_Model
289,199.111.224.80,Charlottesville,38.04112,-78.47154,14:29:28,7,March,2024,Roster_Construction_Model
290,199.111.224.80,Charlottesville,38.04112,-78.47154,14:29:35,7,March,2024,Roster_Construction_Model
291,199.111.224.80,Charlottesville,38.04112,-78.47154,14:29:36,7,March,2024,Roster_Construction_Model
292,199.111.224.80,Charlottesville,38.04112,-78.47154,14:29:53,7,March,2024,Roster_Construction_Model
293,199.111.224.80,Charlottesville,38.04112,-78.47154,14:31:29,7,March,2024,Roster_Construction_Model
294,199.111.224.80,Charlottesville,38.04112,-78.47154,14:31:29,7,March,2024,Hello
295,199.111.224.80,Charlottesville,38.04112,-78.47154,14:31:34,7,March,2024,Roster_Construction_Model
296,199.111.224.80,Charlottesville,38.04112,-78.47154,14:31:41,7,March,2024,Hello
297,199.111.224.80,Charlottesville,38.04112,-78.47154,14:31:57,7,March,2024,Roster_Construction_Model
298,199.111.224.80,Charlottesville,38.04112,-78.47154,14:32:13,7,March,2024,Roster_Construction_Model
299,199.111.224.80,Charlottesville,38.04112,-78.47154,14:32:15,7,March,2024,Roster_Construction_Model
300,199.111.224.80,Charlottesville,38.04112,-78.47154,14:32:20,7,March,2024,Roster_Construction_Model
301,199.111.224.80,Charlottesville,38.04112,-78.47154,14:32:24,7,March,2024,Roster_Construction_Model
302,199.111.224.80,Charlottesville,38.04112,-78.47154,14:32:27,7,March,2024,Roster_Construction_Model
303,199.111.224.80,Charlottesville,38.04112,-78.47154,14:32:30,7,March,2024,Roster_Construction_Model
304,199.111.224.80,Charlottesville,38.04112,-78.47154,14:32:37,7,March,2024,Roster_Construction_Model
305,199.111.224.80,Charlottesville,38.04112,-78.47154,14:32:41,7,March,2024,Roster_Construction_Model
306,199.111.224.80,Charlottesville,38.04112,-78.47154,14:32:44,7,March,2024,Roster_Construction_Model
307,199.111.224.80,Charlottesville,38.04112,-78.47154,14:33:00,7,March,2024,Roster_Construction_Model
308,199.111.224.80,Charlottesville,38.04112,-78.47154,14:33:03,7,March,2024,Roster_Construction_Model
309,199.111.224.80,Charlottesville,38.04112,-78.47154,14:33:06,7,March,2024,Roster_Construction_Model
310,199.111.224.80,Charlottesville,38.04112,-78.47154,14:33:11,7,March,2024,Roster_Construction_Model
311,199.111.224.80,Charlottesville,38.04112,-78.47154,14:33:14,7,March,2024,Roster_Construction_Model
312,199.111.224.80,Charlottesville,38.04112,-78.47154,14:33:18,7,March,2024,Roster_Construction_Model
313,199.111.224.80,Charlottesville,38.04112,-78.47154,14:33:20,7,March,2024,Roster_Construction_Model
314,199.111.224.80,Charlottesville,38.04112,-78.47154,14:33:26,7,March,2024,Roster_Construction_Model
315,199.111.224.80,Charlottesville,38.04112,-78.47154,14:33:46,7,March,2024,Roster_Construction_Model
316,199.111.224.80,Charlottesville,38.04112,-78.47154,14:33:48,7,March,2024,Roster_Construction_Model
317,199.111.224.80,Charlottesville,38.04112,-78.47154,14:33:59,7,March,2024,Roster_Construction_Model
318,199.111.224.80,Charlottesville,38.04112,-78.47154,14:34:00,7,March,2024,Roster_Construction_Model
319,199.111.224.80,Charlottesville,38.04112,-78.47154,14:34:04,7,March,2024,Roster_Construction_Model
320,199.111.224.80,Charlottesville,38.04112,-78.47154,14:34:04,7,March,2024,Roster_Construction_Model
321,199.111.224.80,Charlottesville,38.04112,-78.47154,14:34:08,7,March,2024,Roster_Construction_Model
322,199.111.224.80,Charlottesville,38.04112,-78.47154,14:34:09,7,March,2024,Roster_Construction_Model
323,199.111.224.80,Charlottesville,38.04112,-78.47154,14:34:13,7,March,2024,Roster_Construction_Model
324,199.111.224.80,Charlottesville,38.04112,-78.47154,14:34:14,7,March,2024,Roster_Construction_Model
325,199.111.224.80,Charlottesville,38.04112,-78.47154,14:34:24,7,March,2024,Roster_Construction_Model
326,199.111.224.80,Charlottesville,38.04112,-78.47154,14:34:28,7,March,2024,Roster_Construction_Model
327,199.111.224.80,Charlottesville,38.04112,-78.47154,14:34:31,7,March,2024,Roster_Construction_Model
328,199.111.224.80,Charlottesville,38.04112,-78.47154,14:34:34,7,March,2024,Roster_Construction_Model
329,199.111.224.80,Charlottesville,38.04112,-78.47154,14:34:35,7,March,2024,Roster_Construction_Model
330,199.111.224.80,Charlottesville,38.04112,-78.47154,14:34:37,7,March,2024,Roster_Construction_Model
331,199.111.224.80,Charlottesville,38.04112,-78.47154,14:34:38,7,March,2024,Roster_Construction_Model
332,199.111.224.80,Charlottesville,38.04112,-78.47154,14:34:42,7,March,2024,Roster_Construction_Model
333,199.111.224.80,Charlottesville,38.04112,-78.47154,14:34:46,7,March,2024,Roster_Construction_Model
334,199.111.224.80,Charlottesville,38.04112,-78.47154,14:34:48,7,March,2024,Roster_Construction_Model
335,199.111.224.80,Charlottesville,38.04112,-78.47154,15:30:19,7,March,2024,Hello
336,199.111.224.80,Charlottesville,38.04112,-78.47154,15:30:31,7,March,2024,Roster_Construction_Model
337,199.111.224.80,Charlottesville,38.04112,-78.47154,15:30:52,7,March,2024,Roster_Construction_Model
338,199.111.224.80,Charlottesville,38.04112,-78.47154,15:31:11,7,March,2024,Roster_Construction_Model
339,199.111.224.80,Charlottesville,38.04112,-78.47154,15:31:25,7,March,2024,Roster_Construction_Model
340,199.111.224.80,Charlottesville,38.04112,-78.47154,15:31:37,7,March,2024,Roster_Construction_Model
341,199.111.224.80,Charlottesville,38.04112,-78.47154,15:31:39,7,March,2024,Roster_Construction_Model
342,199.111.224.80,Charlottesville,38.04112,-78.47154,15:31:42,7,March,2024,Roster_Construction_Model
343,199.111.224.80,Charlottesville,38.04112,-78.47154,15:31:43,7,March,2024,Roster_Construction_Model
344,199.111.224.60,Charlottesville,38.04112,-78.47154,15:37:12,7,March,2024,Roster_Construction_Model
345,199.111.224.60,Charlottesville,38.04112,-78.47154,15:37:14,7,March,2024,Hello
346,199.111.224.60,Charlottesville,38.04112,-78.47154,15:37:34,7,March,2024,Hello
347,199.111.224.60,Charlottesville,38.04112,-78.47154,15:38:01,7,March,2024,Hello
348,199.111.224.80,Charlottesville,38.04112,-78.47154,15:38:19,7,March,2024,Hello
349,199.111.224.80,Charlottesville,38.04112,-78.47154,15:38:47,7,March,2024,Roster_Construction_Model
350,73.177.217.59,Carloover,37.91774,-79.85622,15:46:11,7,March,2024,Hello
351,73.177.217.59,Carloover,37.91774,-79.85622,15:46:18,7,March,2024,Roster_Construction_Model
352,73.177.217.59,Carloover,37.91774,-79.85622,15:46:32,7,March,2024,Roster_Construction_Model
353,73.177.217.59,Carloover,37.91774,-79.85622,15:46:55,7,March,2024,Roster_Construction_Model
354,73.177.217.59,Carloover,37.91774,-79.85622,15:48:21,7,March,2024,Roster_Construction_Model
355,73.177.217.59,Carloover,37.91774,-79.85622,15:48:26,7,March,2024,Roster_Construction_Model
356,73.177.217.59,Carloover,37.91774,-79.85622,15:48:40,7,March,2024,Roster_Construction_Model
357,73.177.217.59,Carloover,37.91774,-79.85622,15:48:48,7,March,2024,Roster_Construction_Model
358,73.177.217.59,Carloover,37.91774,-79.85622,15:49:28,7,March,2024,Roster_Construction_Model
359,73.177.217.59,Carloover,37.91774,-79.85622,15:49:51,7,March,2024,Roster_Construction_Model
360,73.177.217.59,Carloover,37.91774,-79.85622,15:49:57,7,March,2024,Roster_Construction_Model
361,73.177.217.59,Carloover,37.91774,-79.85622,15:50:01,7,March,2024,Roster_Construction_Model
362,73.177.217.59,Carloover,37.91774,-79.85622,15:51:02,7,March,2024,Roster_Construction_Model
363,73.177.217.59,Carloover,37.91774,-79.85622,15:51:04,7,March,2024,Roster_Construction_Model
364,73.177.217.59,Carloover,37.91774,-79.85622,15:51:34,7,March,2024,Roster_Construction_Model
365,73.177.217.59,Carloover,37.91774,-79.85622,15:51:35,7,March,2024,Roster_Construction_Model
366,73.177.217.59,Carloover,37.91774,-79.85622,15:51:59,7,March,2024,Roster_Construction_Model
367,73.177.217.59,Carloover,37.91774,-79.85622,15:52:03,7,March,2024,Roster_Construction_Model
368,73.177.217.59,Carloover,37.91774,-79.85622,15:52:19,7,March,2024,Roster_Construction_Model
369,73.177.217.59,Carloover,37.91774,-79.85622,15:52:22,7,March,2024,Roster_Construction_Model
370,73.177.217.59,Carloover,37.91774,-79.85622,15:52:24,7,March,2024,Roster_Construction_Model
371,73.177.217.59,Carloover,37.91774,-79.85622,15:53:35,7,March,2024,Roster_Construction_Model
372,73.177.217.59,Carloover,37.91774,-79.85622,15:53:40,7,March,2024,Roster_Construction_Model
373,73.177.217.59,Carloover,37.91774,-79.85622,15:53:45,7,March,2024,Roster_Construction_Model
374,73.177.217.59,Carloover,37.91774,-79.85622,15:53:48,7,March,2024,Roster_Construction_Model
375,73.177.217.59,Carloover,37.91774,-79.85622,15:53:49,7,March,2024,Roster_Construction_Model
376,73.177.217.59,Carloover,37.91774,-79.85622,15:53:52,7,March,2024,Roster_Construction_Model
377,73.177.217.59,Carloover,37.91774,-79.85622,15:53:53,7,March,2024,Roster_Construction_Model
378,73.177.217.59,Carloover,37.91774,-79.85622,15:55:43,7,March,2024,Roster_Construction_Model
379,216.197.71.109,Charlottesville,38.02931,-78.47668,19:24:57,10,March,2024,Hello
380,216.197.71.109,Charlottesville,38.02931,-78.47668,19:26:31,10,March,2024,Hello
381,199.111.224.168,Charlottesville,38.04112,-78.47154,10:53:10,11,March,2024,Hello
382,199.111.224.168,Charlottesville,38.04112,-78.47154,10:53:15,11,March,2024,Roster_Construction_Model
383,199.111.225.114,Charlottesville,38.04112,-78.47154,13:13:39,11,March,2024,Hello
384,199.111.225.114,Charlottesville,38.04112,-78.47154,13:13:42,11,March,2024,Roster_Construction_Model
385,199.111.225.114,Charlottesville,38.04112,-78.47154,13:16:35,11,March,2024,Roster_Construction_Model
386,199.111.225.114,Charlottesville,38.04112,-78.47154,13:16:38,11,March,2024,Roster_Construction_Model
387,199.111.225.114,Charlottesville,38.04112,-78.47154,13:17:21,11,March,2024,Hello
388,199.111.225.114,Charlottesville,38.04112,-78.47154,13:17:22,11,March,2024,Roster_Construction_Model
389,199.111.225.114,Charlottesville,38.04112,-78.47154,13:17:24,11,March,2024,Roster_Construction_Model
390,199.111.225.114,Charlottesville,38.04112,-78.47154,13:19:07,11,March,2024,Hello
391,199.111.225.114,Charlottesville,38.04112,-78.47154,13:19:07,11,March,2024,Hello
392,199.111.225.114,Charlottesville,38.04112,-78.47154,13:19:09,11,March,2024,Roster_Construction_Model
393,199.111.225.114,Charlottesville,38.04112,-78.47154,13:19:09,11,March,2024,Roster_Construction_Model
394,199.111.225.123,Charlottesville,38.04112,-78.47154,13:41:14,11,March,2024,Hello
395,199.111.225.123,Charlottesville,38.04112,-78.47154,13:41:31,11,March,2024,Hello
396,199.111.225.123,Charlottesville,38.04112,-78.47154,13:42:18,11,March,2024,Hello
397,199.111.225.123,Charlottesville,38.04112,-78.47154,13:42:18,11,March,2024,Hello
398,199.111.225.123,Charlottesville,38.04112,-78.47154,13:42:19,11,March,2024,Roster_Construction_Model
399,199.111.225.123,Charlottesville,38.04112,-78.47154,13:42:19,11,March,2024,Roster_Construction_Model
400,199.111.225.123,Charlottesville,38.04112,-78.47154,13:42:24,11,March,2024,Live_Game_Dashboard
401,199.111.225.123,Charlottesville,38.04112,-78.47154,13:42:26,11,March,2024,Lineup_Dashboard
402,199.111.225.123,Charlottesville,38.04112,-78.47154,13:42:28,11,March,2024,Player_Dashboard
403,199.111.225.123,Charlottesville,38.04112,-78.47154,13:43:56,11,March,2024,Player_Dashboard
404,199.111.225.114,Charlottesville,38.04112,-78.47154,13:45:02,11,March,2024,Player_Dashboard
405,199.111.225.114,Charlottesville,38.04112,-78.47154,13:45:04,11,March,2024,Reproduced_Tracking_Data
406,199.111.225.114,Charlottesville,38.04112,-78.47154,13:45:11,11,March,2024,Hello
407,199.111.225.206,Charlottesville,38.04112,-78.47154,13:59:46,11,March,2024,Hello
408,199.111.225.206,Charlottesville,38.04112,-78.47154,13:59:59,11,March,2024,Hello
409,199.111.225.206,Charlottesville,38.04112,-78.47154,14:00:43,11,March,2024,Hello
410,199.111.225.206,Charlottesville,38.04112,-78.47154,14:02:09,11,March,2024,Hello
411,199.111.224.78,Charlottesville,38.04112,-78.47154,12:06:53,12,March,2024,Hello
412,199.111.224.78,Charlottesville,38.04112,-78.47154,12:07:34,12,March,2024,Hello
413,199.111.225.55,Charlottesville,38.04112,-78.47154,13:25:55,12,March,2024,Hello
414,199.111.225.55,Charlottesville,38.04112,-78.47154,13:25:56,12,March,2024,Roster_Construction_Model
415,199.111.225.55,Charlottesville,38.04112,-78.47154,13:26:02,12,March,2024,Roster_Construction_Model
416,199.111.225.55,Charlottesville,38.04112,-78.47154,13:26:04,12,March,2024,Roster_Construction_Model
417,199.111.225.55,Charlottesville,38.04112,-78.47154,13:26:06,12,March,2024,Roster_Construction_Model
418,199.111.225.55,Charlottesville,38.04112,-78.47154,13:26:09,12,March,2024,Roster_Construction_Model
419,199.111.225.55,Charlottesville,38.04112,-78.47154,13:26:34,12,March,2024,Roster_Construction_Model
420,199.111.225.55,Charlottesville,38.04112,-78.47154,13:26:46,12,March,2024,Roster_Construction_Model
421,199.111.225.55,Charlottesville,38.04112,-78.47154,13:26:51,12,March,2024,Roster_Construction_Model
422,199.111.225.55,Charlottesville,38.04112,-78.47154,13:26:54,12,March,2024,Roster_Construction_Model
423,199.111.225.55,Charlottesville,38.04112,-78.47154,13:26:55,12,March,2024,Roster_Construction_Model
424,199.111.225.55,Charlottesville,38.04112,-78.47154,13:27:17,12,March,2024,Roster_Construction_Model
425,199.111.225.55,Charlottesville,38.04112,-78.47154,13:27:18,12,March,2024,Roster_Construction_Model
426,199.111.225.55,Charlottesville,38.04112,-78.47154,13:27:19,12,March,2024,Roster_Construction_Model
427,199.111.225.55,Charlottesville,38.04112,-78.47154,13:27:20,12,March,2024,Roster_Construction_Model
428,199.111.225.55,Charlottesville,38.04112,-78.47154,13:27:32,12,March,2024,Roster_Construction_Model
429,199.111.225.55,Charlottesville,38.04112,-78.47154,13:27:33,12,March,2024,Roster_Construction_Model
430,199.111.225.55,Charlottesville,38.04112,-78.47154,13:28:25,12,March,2024,Roster_Construction_Model
431,199.111.225.55,Charlottesville,38.04112,-78.47154,13:29:12,12,March,2024,Roster_Construction_Model
432,199.111.225.55,Charlottesville,38.04112,-78.47154,13:29:13,12,March,2024,Roster_Construction_Model
433,199.111.225.55,Charlottesville,38.04112,-78.47154,13:29:47,12,March,2024,Roster_Construction_Model
434,199.111.225.55,Charlottesville,38.04112,-78.47154,13:29:48,12,March,2024,Roster_Construction_Model
435,199.111.225.55,Charlottesville,38.04112,-78.47154,13:30:24,12,March,2024,Roster_Construction_Model
436,199.111.225.55,Charlottesville,38.04112,-78.47154,13:30:27,12,March,2024,Roster_Construction_Model
437,199.111.225.55,Charlottesville,38.04112,-78.47154,13:30:36,12,March,2024,Roster_Construction_Model
438,199.111.225.55,Charlottesville,38.04112,-78.47154,13:30:39,12,March,2024,Roster_Construction_Model
439,199.111.225.55,Charlottesville,38.04112,-78.47154,13:30:54,12,March,2024,Roster_Construction_Model
440,199.111.225.55,Charlottesville,38.04112,-78.47154,13:30:56,12,March,2024,Roster_Construction_Model
441,199.111.225.55,Charlottesville,38.04112,-78.47154,13:31:11,12,March,2024,Roster_Construction_Model
442,199.111.225.55,Charlottesville,38.04112,-78.47154,13:31:15,12,March,2024,Roster_Construction_Model
443,199.111.225.55,Charlottesville,38.04112,-78.47154,13:31:17,12,March,2024,Roster_Construction_Model
444,199.111.225.55,Charlottesville,38.04112,-78.47154,13:31:19,12,March,2024,Roster_Construction_Model
445,199.111.225.55,Charlottesville,38.04112,-78.47154,13:31:21,12,March,2024,Roster_Construction_Model
446,199.111.225.55,Charlottesville,38.04112,-78.47154,13:31:25,12,March,2024,Roster_Construction_Model
447,199.111.224.115,Charlottesville,38.04112,-78.47154,12:28:08,13,March,2024,Hello
448,199.111.224.115,Charlottesville,38.04112,-78.47154,12:28:13,13,March,2024,Roster_Construction_Model
449,199.111.224.115,Charlottesville,38.04112,-78.47154,12:28:38,13,March,2024,Roster_Construction_Model
450,199.111.224.115,Charlottesville,38.04112,-78.47154,12:28:43,13,March,2024,Roster_Construction_Model
451,199.111.224.115,Charlottesville,38.04112,-78.47154,12:28:45,13,March,2024,Roster_Construction_Model
452,199.111.224.115,Charlottesville,38.04112,-78.47154,12:28:48,13,March,2024,Roster_Construction_Model
453,199.111.224.115,Charlottesville,38.04112,-78.47154,12:28:50,13,March,2024,Roster_Construction_Model
454,199.111.224.115,Charlottesville,38.04112,-78.47154,12:28:52,13,March,2024,Roster_Construction_Model
455,199.111.224.115,Charlottesville,38.04112,-78.47154,12:28:55,13,March,2024,Roster_Construction_Model
456,199.111.224.115,Charlottesville,38.04112,-78.47154,12:28:56,13,March,2024,Roster_Construction_Model
457,199.111.224.115,Charlottesville,38.04112,-78.47154,12:29:10,13,March,2024,Roster_Construction_Model
458,199.111.224.115,Charlottesville,38.04112,-78.47154,12:29:12,13,March,2024,Roster_Construction_Model
459,199.111.224.115,Charlottesville,38.04112,-78.47154,12:29:28,13,March,2024,Roster_Construction_Model
460,199.111.224.115,Charlottesville,38.04112,-78.47154,12:29:30,13,March,2024,Roster_Construction_Model
461,199.111.224.115,Charlottesville,38.04112,-78.47154,12:29:46,13,March,2024,Roster_Construction_Model
462,199.111.224.115,Charlottesville,38.04112,-78.47154,12:29:49,13,March,2024,Roster_Construction_Model
463,199.111.224.115,Charlottesville,38.04112,-78.47154,12:30:21,13,March,2024,Roster_Construction_Model
464,199.111.224.115,Charlottesville,38.04112,-78.47154,12:30:27,13,March,2024,Roster_Construction_Model
465,199.111.224.115,Charlottesville,38.04112,-78.47154,12:30:33,13,March,2024,Roster_Construction_Model
466,199.111.224.115,Charlottesville,38.04112,-78.47154,12:30:35,13,March,2024,Roster_Construction_Model
467,199.111.224.115,Charlottesville,38.04112,-78.47154,12:30:36,13,March,2024,Roster_Construction_Model
468,199.111.224.115,Charlottesville,38.04112,-78.47154,12:30:38,13,March,2024,Roster_Construction_Model
469,199.111.224.115,Charlottesville,38.04112,-78.47154,12:30:40,13,March,2024,Roster_Construction_Model
470,199.111.224.115,Charlottesville,38.04112,-78.47154,12:30:48,13,March,2024,Roster_Construction_Model
471,199.111.224.115,Charlottesville,38.04112,-78.47154,12:30:51,13,March,2024,Roster_Construction_Model
472,199.111.224.115,Charlottesville,38.04112,-78.47154,12:30:54,13,March,2024,Roster_Construction_Model
473,199.111.224.115,Charlottesville,38.04112,-78.47154,12:30:55,13,March,2024,Roster_Construction_Model
474,199.111.224.115,Charlottesville,38.04112,-78.47154,12:30:55,13,March,2024,Roster_Construction_Model
475,199.111.224.115,Charlottesville,38.04112,-78.47154,12:30:57,13,March,2024,Roster_Construction_Model
476,199.111.224.115,Charlottesville,38.04112,-78.47154,12:30:57,13,March,2024,Roster_Construction_Model
477,199.111.224.115,Charlottesville,38.04112,-78.47154,12:30:58,13,March,2024,Roster_Construction_Model
478,199.111.224.115,Charlottesville,38.04112,-78.47154,12:31:08,13,March,2024,Roster_Construction_Model
479,199.111.224.115,Charlottesville,38.04112,-78.47154,12:31:09,13,March,2024,Roster_Construction_Model
480,199.111.224.115,Charlottesville,38.04112,-78.47154,12:31:25,13,March,2024,Roster_Construction_Model
481,199.111.224.115,Charlottesville,38.04112,-78.47154,12:31:26,13,March,2024,Roster_Construction_Model
482,199.111.224.115,Charlottesville,38.04112,-78.47154,12:31:27,13,March,2024,Roster_Construction_Model
483,199.111.224.115,Charlottesville,38.04112,-78.47154,12:35:09,13,March,2024,Hello
484,199.111.224.115,Charlottesville,38.04112,-78.47154,12:35:10,13,March,2024,Roster_Construction_Model
485,199.111.224.115,Charlottesville,38.04112,-78.47154,12:35:14,13,March,2024,Roster_Construction_Model
486,199.111.224.115,Charlottesville,38.04112,-78.47154,12:35:16,13,March,2024,Roster_Construction_Model
487,199.111.224.115,Charlottesville,38.04112,-78.47154,12:35:17,13,March,2024,Roster_Construction_Model
488,199.111.224.115,Charlottesville,38.04112,-78.47154,12:35:19,13,March,2024,Roster_Construction_Model
489,199.111.224.115,Charlottesville,38.04112,-78.47154,12:35:22,13,March,2024,Roster_Construction_Model
490,199.111.224.115,Charlottesville,38.04112,-78.47154,12:35:26,13,March,2024,Roster_Construction_Model
491,199.111.224.115,Charlottesville,38.04112,-78.47154,12:35:27,13,March,2024,Roster_Construction_Model
492,199.111.224.115,Charlottesville,38.04112,-78.47154,12:35:29,13,March,2024,Roster_Construction_Model
493,199.111.224.115,Charlottesville,38.04112,-78.47154,12:36:36,13,March,2024,Roster_Construction_Model
494,199.111.224.115,Charlottesville,38.04112,-78.47154,12:36:37,13,March,2024,Roster_Construction_Model
495,199.111.224.115,Charlottesville,38.04112,-78.47154,12:36:39,13,March,2024,Roster_Construction_Model
496,199.111.224.115,Charlottesville,38.04112,-78.47154,12:36:50,13,March,2024,Roster_Construction_Model
497,199.111.224.115,Charlottesville,38.04112,-78.47154,12:36:52,13,March,2024,Roster_Construction_Model
498,199.111.224.115,Charlottesville,38.04112,-78.47154,12:36:54,13,March,2024,Roster_Construction_Model
499,199.111.224.115,Charlottesville,38.04112,-78.47154,12:36:55,13,March,2024,Roster_Construction_Model
500,199.111.224.115,Charlottesville,38.04112,-78.47154,12:36:56,13,March,2024,Roster_Construction_Model
501,199.111.224.115,Charlottesville,38.04112,-78.47154,12:36:58,13,March,2024,Roster_Construction_Model
502,199.111.224.115,Charlottesville,38.04112,-78.47154,12:37:01,13,March,2024,Roster_Construction_Model
503,199.111.224.115,Charlottesville,38.04112,-78.47154,12:37:04,13,March,2024,Roster_Construction_Model
504,199.111.224.115,Charlottesville,38.04112,-78.47154,12:37:07,13,March,2024,Roster_Construction_Model
505,199.111.224.115,Charlottesville,38.04112,-78.47154,12:37:12,13,March,2024,Roster_Construction_Model
506,199.111.224.115,Charlottesville,38.04112,-78.47154,12:37:13,13,March,2024,Roster_Construction_Model
507,199.111.224.115,Charlottesville,38.04112,-78.47154,12:37:19,13,March,2024,Roster_Construction_Model
508,199.111.224.115,Charlottesville,38.04112,-78.47154,12:37:20,13,March,2024,Roster_Construction_Model
509,199.111.224.115,Charlottesville,38.04112,-78.47154,12:39:05,13,March,2024,Roster_Construction_Model
510,199.111.224.115,Charlottesville,38.04112,-78.47154,12:39:08,13,March,2024,Roster_Construction_Model
511,199.111.224.115,Charlottesville,38.04112,-78.47154,12:39:09,13,March,2024,Roster_Construction_Model
512,199.111.224.115,Charlottesville,38.04112,-78.47154,12:39:11,13,March,2024,Roster_Construction_Model
513,199.111.224.115,Charlottesville,38.04112,-78.47154,12:39:14,13,March,2024,Roster_Construction_Model
514,199.111.224.115,Charlottesville,38.04112,-78.47154,12:39:15,13,March,2024,Roster_Construction_Model
515,199.111.224.115,Charlottesville,38.04112,-78.47154,12:39:20,13,March,2024,Roster_Construction_Model
516,199.111.224.115,Charlottesville,38.04112,-78.47154,12:39:21,13,March,2024,Roster_Construction_Model
517,199.111.224.115,Charlottesville,38.04112,-78.47154,12:39:23,13,March,2024,Roster_Construction_Model
518,199.111.224.115,Charlottesville,38.04112,-78.47154,12:39:25,13,March,2024,Roster_Construction_Model
519,199.111.224.115,Charlottesville,38.04112,-78.47154,12:39:26,13,March,2024,Roster_Construction_Model
520,199.111.224.115,Charlottesville,38.04112,-78.47154,12:39:31,13,March,2024,Roster_Construction_Model
521,199.111.224.115,Charlottesville,38.04112,-78.47154,12:39:33,13,March,2024,Roster_Construction_Model
522,199.111.224.115,Charlottesville,38.04112,-78.47154,12:39:35,13,March,2024,Roster_Construction_Model
523,199.111.224.115,Charlottesville,38.04112,-78.47154,12:39:37,13,March,2024,Roster_Construction_Model
524,199.111.224.115,Charlottesville,38.04112,-78.47154,12:39:37,13,March,2024,Roster_Construction_Model
525,199.111.224.115,Charlottesville,38.04112,-78.47154,12:39:38,13,March,2024,Roster_Construction_Model
526,199.111.224.115,Charlottesville,38.04112,-78.47154,12:40:03,13,March,2024,Roster_Construction_Model
527,199.111.224.115,Charlottesville,38.04112,-78.47154,12:40:06,13,March,2024,Roster_Construction_Model
528,199.111.224.115,Charlottesville,38.04112,-78.47154,12:40:23,13,March,2024,Roster_Construction_Model
529,199.111.224.115,Charlottesville,38.04112,-78.47154,12:40:25,13,March,2024,Roster_Construction_Model
530,199.111.224.115,Charlottesville,38.04112,-78.47154,12:40:27,13,March,2024,Roster_Construction_Model
531,199.111.224.115,Charlottesville,38.04112,-78.47154,12:40:29,13,March,2024,Roster_Construction_Model
532,199.111.224.115,Charlottesville,38.04112,-78.47154,12:40:30,13,March,2024,Roster_Construction_Model
533,199.111.224.115,Charlottesville,38.04112,-78.47154,12:40:31,13,March,2024,Roster_Construction_Model
534,199.111.224.115,Charlottesville,38.04112,-78.47154,12:40:33,13,March,2024,Roster_Construction_Model
535,199.111.224.115,Charlottesville,38.04112,-78.47154,12:40:35,13,March,2024,Roster_Construction_Model
536,199.111.224.115,Charlottesville,38.04112,-78.47154,12:40:46,13,March,2024,Roster_Construction_Model
537,199.111.224.115,Charlottesville,38.04112,-78.47154,12:40:48,13,March,2024,Roster_Construction_Model
538,199.111.224.115,Charlottesville,38.04112,-78.47154,12:40:52,13,March,2024,Roster_Construction_Model
539,199.111.224.115,Charlottesville,38.04112,-78.47154,12:40:54,13,March,2024,Roster_Construction_Model
540,199.111.224.115,Charlottesville,38.04112,-78.47154,12:41:11,13,March,2024,Roster_Construction_Model
541,199.111.224.115,Charlottesville,38.04112,-78.47154,12:41:13,13,March,2024,Roster_Construction_Model
542,199.111.224.115,Charlottesville,38.04112,-78.47154,12:41:21,13,March,2024,Roster_Construction_Model
543,199.111.224.115,Charlottesville,38.04112,-78.47154,12:41:22,13,March,2024,Roster_Construction_Model
544,199.111.224.115,Charlottesville,38.04112,-78.47154,12:42:03,13,March,2024,Roster_Construction_Model
545,199.111.224.115,Charlottesville,38.04112,-78.47154,12:42:05,13,March,2024,Roster_Construction_Model
546,199.111.224.115,Charlottesville,38.04112,-78.47154,12:42:17,13,March,2024,Roster_Construction_Model
547,199.111.224.115,Charlottesville,38.04112,-78.47154,12:42:17,13,March,2024,Roster_Construction_Model
548,199.111.224.145,Charlottesville,38.04112,-78.47154,11:53:29,14,March,2024,Hello
549,199.111.224.145,Charlottesville,38.04112,-78.47154,11:53:32,14,March,2024,Roster_Construction_Model
550,199.111.224.145,Charlottesville,38.04112,-78.47154,11:53:54,14,March,2024,Roster_Construction_Model
551,199.111.224.145,Charlottesville,38.04112,-78.47154,11:54:02,14,March,2024,Roster_Construction_Model
552,199.111.224.145,Charlottesville,38.04112,-78.47154,11:55:13,14,March,2024,Hello
553,199.111.224.145,Charlottesville,38.04112,-78.47154,11:55:15,14,March,2024,Roster_Construction_Model
554,199.111.224.145,Charlottesville,38.04112,-78.47154,11:55:17,14,March,2024,Roster_Construction_Model
555,199.111.224.145,Charlottesville,38.04112,-78.47154,11:55:23,14,March,2024,Roster_Construction_Model
556,199.111.224.145,Charlottesville,38.04112,-78.47154,11:55:25,14,March,2024,Roster_Construction_Model
557,199.111.224.62,Charlottesville,38.04112,-78.47154,11:56:36,14,March,2024,Roster_Construction_Model
558,199.111.224.62,Charlottesville,38.04112,-78.47154,11:56:41,14,March,2024,Roster_Construction_Model
559,199.111.224.62,Charlottesville,38.04112,-78.47154,11:56:44,14,March,2024,Roster_Construction_Model
560,199.111.224.62,Charlottesville,38.04112,-78.47154,11:56:46,14,March,2024,Roster_Construction_Model
561,199.111.224.62,Charlottesville,38.04112,-78.47154,11:56:49,14,March,2024,Roster_Construction_Model
562,199.111.224.62,Charlottesville,38.04112,-78.47154,11:56:49,14,March,2024,Roster_Construction_Model
563,199.111.224.62,Charlottesville,38.04112,-78.47154,11:56:53,14,March,2024,Roster_Construction_Model
564,199.111.224.62,Charlottesville,38.04112,-78.47154,11:56:55,14,March,2024,Roster_Construction_Model
565,199.111.224.62,Charlottesville,38.04112,-78.47154,11:56:56,14,March,2024,Roster_Construction_Model
566,199.111.224.62,Charlottesville,38.04112,-78.47154,11:57:34,14,March,2024,Roster_Construction_Model
567,199.111.224.62,Charlottesville,38.04112,-78.47154,11:57:37,14,March,2024,Roster_Construction_Model
568,199.111.224.62,Charlottesville,38.04112,-78.47154,11:57:39,14,March,2024,Roster_Construction_Model
569,199.111.224.62,Charlottesville,38.04112,-78.47154,11:57:39,14,March,2024,Roster_Construction_Model
570,199.111.224.62,Charlottesville,38.04112,-78.47154,11:57:40,14,March,2024,Roster_Construction_Model
571,199.111.224.62,Charlottesville,38.04112,-78.47154,11:57:44,14,March,2024,Roster_Construction_Model
572,199.111.224.62,Charlottesville,38.04112,-78.47154,11:57:59,14,March,2024,Roster_Construction_Model
573,199.111.224.62,Charlottesville,38.04112,-78.47154,11:58:03,14,March,2024,Roster_Construction_Model
574,199.111.224.62,Charlottesville,38.04112,-78.47154,11:58:03,14,March,2024,Roster_Construction_Model
575,199.111.224.62,Charlottesville,38.04112,-78.47154,11:58:04,14,March,2024,Roster_Construction_Model
576,199.111.224.62,Charlottesville,38.04112,-78.47154,11:58:06,14,March,2024,Roster_Construction_Model
577,199.111.224.62,Charlottesville,38.04112,-78.47154,11:58:07,14,March,2024,Roster_Construction_Model
578,199.111.224.145,Charlottesville,38.04112,-78.47154,11:58:51,14,March,2024,Roster_Construction_Model
579,199.111.224.145,Charlottesville,38.04112,-78.47154,11:58:55,14,March,2024,Roster_Construction_Model
580,199.111.224.145,Charlottesville,38.04112,-78.47154,11:58:56,14,March,2024,Roster_Construction_Model
581,199.111.224.145,Charlottesville,38.04112,-78.47154,11:58:58,14,March,2024,Roster_Construction_Model
582,199.111.224.145,Charlottesville,38.04112,-78.47154,11:58:58,14,March,2024,Roster_Construction_Model
583,199.111.224.145,Charlottesville,38.04112,-78.47154,11:59:00,14,March,2024,Roster_Construction_Model
584,199.111.224.145,Charlottesville,38.04112,-78.47154,11:59:03,14,March,2024,Roster_Construction_Model
585,199.111.224.145,Charlottesville,38.04112,-78.47154,11:59:04,14,March,2024,Roster_Construction_Model
586,199.111.224.145,Charlottesville,38.04112,-78.47154,12:00:16,14,March,2024,Roster_Construction_Model
587,199.111.224.145,Charlottesville,38.04112,-78.47154,12:00:21,14,March,2024,Roster_Construction_Model
588,199.111.224.145,Charlottesville,38.04112,-78.47154,12:00:23,14,March,2024,Roster_Construction_Model
589,199.111.224.145,Charlottesville,38.04112,-78.47154,12:00:24,14,March,2024,Roster_Construction_Model
590,199.111.224.145,Charlottesville,38.04112,-78.47154,12:00:25,14,March,2024,Roster_Construction_Model
591,199.111.224.145,Charlottesville,38.04112,-78.47154,12:00:27,14,March,2024,Roster_Construction_Model
592,199.111.224.145,Charlottesville,38.04112,-78.47154,12:00:28,14,March,2024,Roster_Construction_Model
593,199.111.224.145,Charlottesville,38.04112,-78.47154,12:01:08,14,March,2024,Roster_Construction_Model
594,199.111.224.145,Charlottesville,38.04112,-78.47154,12:01:10,14,March,2024,Roster_Construction_Model
595,199.111.224.145,Charlottesville,38.04112,-78.47154,12:01:10,14,March,2024,Roster_Construction_Model
596,199.111.224.145,Charlottesville,38.04112,-78.47154,12:01:11,14,March,2024,Roster_Construction_Model
597,199.111.224.145,Charlottesville,38.04112,-78.47154,12:01:13,14,March,2024,Roster_Construction_Model
598,199.111.224.145,Charlottesville,38.04112,-78.47154,12:01:14,14,March,2024,Roster_Construction_Model
599,199.111.224.145,Charlottesville,38.04112,-78.47154,12:01:35,14,March,2024,Roster_Construction_Model
600,199.111.224.145,Charlottesville,38.04112,-78.47154,12:01:38,14,March,2024,Roster_Construction_Model
601,199.111.224.145,Charlottesville,38.04112,-78.47154,12:01:39,14,March,2024,Roster_Construction_Model
602,199.111.224.145,Charlottesville,38.04112,-78.47154,12:01:39,14,March,2024,Roster_Construction_Model
603,199.111.224.145,Charlottesville,38.04112,-78.47154,12:01:38,14,March,2024,Roster_Construction_Model
604,199.111.224.145,Charlottesville,38.04112,-78.47154,12:01:40,14,March,2024,Roster_Construction_Model
605,199.111.224.145,Charlottesville,38.04112,-78.47154,12:02:24,14,March,2024,Roster_Construction_Model
606,199.111.224.145,Charlottesville,38.04112,-78.47154,12:02:25,14,March,2024,Roster_Construction_Model
607,199.111.224.145,Charlottesville,38.04112,-78.47154,12:02:26,14,March,2024,Roster_Construction_Model
608,199.111.224.145,Charlottesville,38.04112,-78.47154,12:02:26,14,March,2024,Roster_Construction_Model
609,199.111.224.145,Charlottesville,38.04112,-78.47154,12:02:27,14,March,2024,Roster_Construction_Model
610,199.111.224.145,Charlottesville,38.04112,-78.47154,12:02:39,14,March,2024,Roster_Construction_Model
611,199.111.224.145,Charlottesville,38.04112,-78.47154,12:02:40,14,March,2024,Roster_Construction_Model
612,199.111.224.145,Charlottesville,38.04112,-78.47154,12:02:42,14,March,2024,Roster_Construction_Model
613,199.111.224.145,Charlottesville,38.04112,-78.47154,12:02:43,14,March,2024,Roster_Construction_Model
614,199.111.224.145,Charlottesville,38.04112,-78.47154,12:03:57,14,March,2024,Roster_Construction_Model
615,199.111.224.145,Charlottesville,38.04112,-78.47154,12:04:18,14,March,2024,Roster_Construction_Model
616,199.111.224.145,Charlottesville,38.04112,-78.47154,12:04:23,14,March,2024,Roster_Construction_Model
617,199.111.224.145,Charlottesville,38.04112,-78.47154,12:04:24,14,March,2024,Roster_Construction_Model
618,199.111.224.145,Charlottesville,38.04112,-78.47154,12:04:24,14,March,2024,Roster_Construction_Model
619,199.111.224.145,Charlottesville,38.04112,-78.47154,12:05:04,14,March,2024,Roster_Construction_Model
620,199.111.224.145,Charlottesville,38.04112,-78.47154,12:05:10,14,March,2024,Roster_Construction_Model
621,199.111.224.145,Charlottesville,38.04112,-78.47154,12:05:10,14,March,2024,Roster_Construction_Model
622,199.111.224.145,Charlottesville,38.04112,-78.47154,12:05:11,14,March,2024,Roster_Construction_Model
623,199.111.224.145,Charlottesville,38.04112,-78.47154,12:06:15,14,March,2024,Roster_Construction_Model
624,199.111.224.145,Charlottesville,38.04112,-78.47154,12:06:15,14,March,2024,Hello
625,199.111.224.145,Charlottesville,38.04112,-78.47154,12:06:16,14,March,2024,Roster_Construction_Model
626,199.111.224.145,Charlottesville,38.04112,-78.47154,12:06:17,14,March,2024,Roster_Construction_Model
627,199.111.224.145,Charlottesville,38.04112,-78.47154,12:06:19,14,March,2024,Roster_Construction_Model
628,199.111.224.62,Charlottesville,38.04112,-78.47154,12:07:20,14,March,2024,Roster_Construction_Model
629,199.111.224.62,Charlottesville,38.04112,-78.47154,12:07:29,14,March,2024,Roster_Construction_Model
630,199.111.224.62,Charlottesville,38.04112,-78.47154,12:07:57,14,March,2024,Roster_Construction_Model
631,199.111.224.62,Charlottesville,38.04112,-78.47154,12:08:00,14,March,2024,Roster_Construction_Model
632,199.111.224.62,Charlottesville,38.04112,-78.47154,12:09:45,14,March,2024,Roster_Construction_Model
633,199.111.224.145,Charlottesville,38.04112,-78.47154,12:09:47,14,March,2024,Roster_Construction_Model
634,199.111.224.145,Charlottesville,38.04112,-78.47154,12:09:50,14,March,2024,Roster_Construction_Model
635,199.111.224.62,Charlottesville,38.04112,-78.47154,12:10:26,14,March,2024,Roster_Construction_Model
636,199.111.224.62,Charlottesville,38.04112,-78.47154,12:10:30,14,March,2024,Roster_Construction_Model
637,199.111.224.62,Charlottesville,38.04112,-78.47154,12:12:02,14,March,2024,Roster_Construction_Model
638,199.111.224.62,Charlottesville,38.04112,-78.47154,12:12:05,14,March,2024,Roster_Construction_Model
639,199.111.224.62,Charlottesville,38.04112,-78.47154,12:12:07,14,March,2024,Roster_Construction_Model
640,199.111.224.62,Charlottesville,38.04112,-78.47154,12:12:08,14,March,2024,Roster_Construction_Model
641,199.111.224.62,Charlottesville,38.04112,-78.47154,12:12:09,14,March,2024,Roster_Construction_Model
642,199.111.224.62,Charlottesville,38.04112,-78.47154,12:12:12,14,March,2024,Roster_Construction_Model
643,199.111.224.62,Charlottesville,38.04112,-78.47154,12:12:12,14,March,2024,Roster_Construction_Model
644,199.111.224.62,Charlottesville,38.04112,-78.47154,12:13:03,14,March,2024,Roster_Construction_Model
645,199.111.224.62,Charlottesville,38.04112,-78.47154,12:13:04,14,March,2024,Roster_Construction_Model
646,199.111.224.145,Charlottesville,38.04112,-78.47154,12:14:57,14,March,2024,Roster_Construction_Model
647,199.111.224.145,Charlottesville,38.04112,-78.47154,12:15:02,14,March,2024,Roster_Construction_Model
648,199.111.224.145,Charlottesville,38.04112,-78.47154,12:15:02,14,March,2024,Roster_Construction_Model
649,199.111.224.145,Charlottesville,38.04112,-78.47154,12:15:03,14,March,2024,Roster_Construction_Model
650,199.111.224.145,Charlottesville,38.04112,-78.47154,12:15:03,14,March,2024,Roster_Construction_Model
651,199.111.224.145,Charlottesville,38.04112,-78.47154,12:15:04,14,March,2024,Roster_Construction_Model
652,199.111.224.145,Charlottesville,38.04112,-78.47154,12:15:04,14,March,2024,Roster_Construction_Model
653,199.111.224.145,Charlottesville,38.04112,-78.47154,12:15:04,14,March,2024,Roster_Construction_Model
654,199.111.224.145,Charlottesville,38.04112,-78.47154,12:15:05,14,March,2024,Roster_Construction_Model
655,199.111.224.145,Charlottesville,38.04112,-78.47154,12:15:08,14,March,2024,Roster_Construction_Model
656,199.111.224.145,Charlottesville,38.04112,-78.47154,12:15:08,14,March,2024,Roster_Construction_Model
657,199.111.224.145,Charlottesville,38.04112,-78.47154,12:18:15,14,March,2024,Roster_Construction_Model
658,199.111.224.145,Charlottesville,38.04112,-78.47154,12:18:15,14,March,2024,Roster_Construction_Model
659,216.197.71.109,Charlottesville,38.02931,-78.47668,12:44:39,14,March,2024,Roster_Construction_Model
660,216.197.71.109,Charlottesville,38.02931,-78.47668,12:44:46,14,March,2024,Roster_Construction_Model
661,216.197.71.109,Charlottesville,38.02931,-78.47668,12:44:47,14,March,2024,Roster_Construction_Model
662,216.197.71.109,Charlottesville,38.02931,-78.47668,12:52:13,14,March,2024,Roster_Construction_Model
663,216.197.71.109,Charlottesville,38.02931,-78.47668,12:52:18,14,March,2024,Roster_Construction_Model
664,216.197.71.109,Charlottesville,38.02931,-78.47668,12:52:20,14,March,2024,Roster_Construction_Model
665,216.197.71.109,Charlottesville,38.02931,-78.47668,12:52:22,14,March,2024,Roster_Construction_Model
666,216.197.71.109,Charlottesville,38.02931,-78.47668,12:52:29,14,March,2024,Roster_Construction_Model
667,216.197.71.109,Charlottesville,38.02931,-78.47668,12:52:35,14,March,2024,Roster_Construction_Model
668,216.197.71.109,Charlottesville,38.02931,-78.47668,12:52:35,14,March,2024,Roster_Construction_Model
669,199.111.224.110,Charlottesville,38.04112,-78.47154,09:38:36,15,March,2024,Roster_Construction_Model
670,199.111.224.110,Charlottesville,38.04112,-78.47154,09:38:41,15,March,2024,Roster_Construction_Model
671,199.111.224.110,Charlottesville,38.04112,-78.47154,09:39:02,15,March,2024,Roster_Construction_Model
672,199.111.224.110,Charlottesville,38.04112,-78.47154,09:39:30,15,March,2024,Hello
673,199.111.224.110,Charlottesville,38.04112,-78.47154,09:39:30,15,March,2024,Roster_Construction_Model
674,199.111.224.110,Charlottesville,38.04112,-78.47154,09:39:32,15,March,2024,Roster_Construction_Model
675,199.111.224.110,Charlottesville,38.04112,-78.47154,09:39:34,15,March,2024,Roster_Construction_Model
676,199.111.224.110,Charlottesville,38.04112,-78.47154,09:41:45,15,March,2024,Roster_Construction_Model
677,199.111.224.110,Charlottesville,38.04112,-78.47154,09:41:50,15,March,2024,Roster_Construction_Model
678,199.111.224.110,Charlottesville,38.04112,-78.47154,09:44:13,15,March,2024,Hello
679,199.111.224.110,Charlottesville,38.04112,-78.47154,09:44:13,15,March,2024,Roster_Construction_Model
680,199.111.224.110,Charlottesville,38.04112,-78.47154,09:44:14,15,March,2024,Roster_Construction_Model
681,199.111.224.110,Charlottesville,38.04112,-78.47154,09:44:15,15,March,2024,Roster_Construction_Model
682,199.111.224.110,Charlottesville,38.04112,-78.47154,09:44:17,15,March,2024,Roster_Construction_Model
683,199.111.224.127,Charlottesville,38.04112,-78.47154,10:19:18,15,March,2024,Hello
684,199.111.224.127,Charlottesville,38.04112,-78.47154,10:23:30,15,March,2024,Roster_Construction_Model
685,199.111.224.127,Charlottesville,38.04112,-78.47154,10:23:32,15,March,2024,Roster_Construction_Model
686,199.111.224.127,Charlottesville,38.04112,-78.47154,10:24:22,15,March,2024,Roster_Construction_Model
687,199.111.224.127,Charlottesville,38.04112,-78.47154,10:24:22,15,March,2024,Roster_Construction_Model
688,199.111.224.127,Charlottesville,38.04112,-78.47154,10:24:23,15,March,2024,Roster_Construction_Model
689,199.111.224.127,Charlottesville,38.04112,-78.47154,10:24:22,15,March,2024,Roster_Construction_Model
690,199.111.224.127,Charlottesville,38.04112,-78.47154,10:24:31,15,March,2024,Roster_Construction_Model
691,199.111.224.127,Charlottesville,38.04112,-78.47154,10:24:57,15,March,2024,Roster_Construction_Model
692,199.111.224.110,Charlottesville,38.04112,-78.47154,10:27:30,15,March,2024,Roster_Construction_Model
693,199.111.224.110,Charlottesville,38.04112,-78.47154,10:27:32,15,March,2024,Roster_Construction_Model
694,199.111.224.110,Charlottesville,38.04112,-78.47154,10:27:48,15,March,2024,Roster_Construction_Model
695,199.111.224.127,Charlottesville,38.04112,-78.47154,10:32:39,15,March,2024,Roster_Construction_Model
696,199.111.224.127,Charlottesville,38.04112,-78.47154,10:32:47,15,March,2024,Roster_Construction_Model
697,199.111.224.127,Charlottesville,38.04112,-78.47154,10:33:12,15,March,2024,Roster_Construction_Model
698,199.111.224.127,Charlottesville,38.04112,-78.47154,10:33:13,15,March,2024,Roster_Construction_Model
699,199.111.224.127,Charlottesville,38.04112,-78.47154,10:34:03,15,March,2024,Roster_Construction_Model
700,199.111.224.127,Charlottesville,38.04112,-78.47154,10:34:05,15,March,2024,Roster_Construction_Model
701,199.111.224.127,Charlottesville,38.04112,-78.47154,10:34:55,15,March,2024,Roster_Construction_Model
702,199.111.224.127,Charlottesville,38.04112,-78.47154,10:34:56,15,March,2024,Roster_Construction_Model
703,199.111.224.127,Charlottesville,38.04112,-78.47154,10:36:47,15,March,2024,Roster_Construction_Model
704,199.111.224.127,Charlottesville,38.04112,-78.47154,10:36:52,15,March,2024,Roster_Construction_Model
705,199.111.224.127,Charlottesville,38.04112,-78.47154,10:37:14,15,March,2024,Hello
706,199.111.224.127,Charlottesville,38.04112,-78.47154,10:37:17,15,March,2024,Roster_Construction_Model
707,199.111.224.127,Charlottesville,38.04112,-78.47154,10:37:20,15,March,2024,Roster_Construction_Model
708,199.111.224.127,Charlottesville,38.04112,-78.47154,10:38:07,15,March,2024,Roster_Construction_Model
709,199.111.224.127,Charlottesville,38.04112,-78.47154,10:40:32,15,March,2024,Roster_Construction_Model
710,199.111.224.127,Charlottesville,38.04112,-78.47154,10:40:34,15,March,2024,Roster_Construction_Model
711,199.111.224.127,Charlottesville,38.04112,-78.47154,10:40:55,15,March,2024,Roster_Construction_Model
712,199.111.224.127,Charlottesville,38.04112,-78.47154,10:43:50,15,March,2024,Roster_Construction_Model
713,199.111.224.110,Charlottesville,38.04112,-78.47154,10:45:00,15,March,2024,Roster_Construction_Model
714,199.111.224.110,Charlottesville,38.04112,-78.47154,10:45:06,15,March,2024,Roster_Construction_Model
715,199.111.224.110,Charlottesville,38.04112,-78.47154,10:48:29,15,March,2024,Roster_Construction_Model
716,199.111.224.110,Charlottesville,38.04112,-78.47154,10:48:32,15,March,2024,Roster_Construction_Model
717,199.111.224.110,Charlottesville,38.04112,-78.47154,10:49:07,15,March,2024,Roster_Construction_Model
718,199.111.224.110,Charlottesville,38.04112,-78.47154,10:49:09,15,March,2024,Roster_Construction_Model
719,199.111.224.110,Charlottesville,38.04112,-78.47154,10:49:26,15,March,2024,Roster_Construction_Model
720,199.111.224.110,Charlottesville,38.04112,-78.47154,10:49:29,15,March,2024,Roster_Construction_Model
721,199.111.224.110,Charlottesville,38.04112,-78.47154,10:49:44,15,March,2024,Roster_Construction_Model
722,199.111.224.110,Charlottesville,38.04112,-78.47154,11:15:58,15,March,2024,Roster_Construction_Model
723,199.111.224.110,Charlottesville,38.04112,-78.47154,19:27:49,15,March,2024,Roster_Construction_Model
724,199.111.224.110,Charlottesville,38.04112,-78.47154,19:28:07,15,March,2024,Roster_Construction_Model
725,199.111.224.110,Charlottesville,38.04112,-78.47154,19:28:08,15,March,2024,Roster_Construction_Model
726,199.111.224.110,Charlottesville,38.04112,-78.47154,19:28:12,15,March,2024,Roster_Construction_Model
727,199.111.224.110,Charlottesville,38.04112,-78.47154,19:29:38,15,March,2024,Roster_Construction_Model
728,199.111.224.110,Charlottesville,38.04112,-78.47154,19:29:41,15,March,2024,Roster_Construction_Model
729,199.111.224.110,Charlottesville,38.04112,-78.47154,19:31:28,15,March,2024,Roster_Construction_Model
730,199.111.224.110,Charlottesville,38.04112,-78.47154,19:31:32,15,March,2024,Roster_Construction_Model
731,199.111.224.110,Charlottesville,38.04112,-78.47154,19:33:04,15,March,2024,Roster_Construction_Model
732,199.111.224.110,Charlottesville,38.04112,-78.47154,19:33:07,15,March,2024,Roster_Construction_Model
733,199.111.224.110,Charlottesville,38.04112,-78.47154,19:34:51,15,March,2024,Roster_Construction_Model
734,199.111.224.110,Charlottesville,38.04112,-78.47154,19:34:57,15,March,2024,Roster_Construction_Model
735,199.111.224.110,Charlottesville,38.04112,-78.47154,19:38:58,15,March,2024,Roster_Construction_Model
736,199.111.224.110,Charlottesville,38.04112,-78.47154,19:38:59,15,March,2024,Roster_Construction_Model
737,199.111.224.110,Charlottesville,38.04112,-78.47154,19:42:20,15,March,2024,Roster_Construction_Model
738,199.111.224.110,Charlottesville,38.04112,-78.47154,19:42:23,15,March,2024,Roster_Construction_Model
739,216.197.71.109,Charlottesville,38.02931,-78.47668,19:54:17,15,March,2024,Roster_Construction_Model
740,216.197.71.109,Charlottesville,38.02931,-78.47668,19:54:22,15,March,2024,Roster_Construction_Model
741,216.197.71.109,Charlottesville,38.02931,-78.47668,19:54:23,15,March,2024,Roster_Construction_Model
742,216.197.71.109,Charlottesville,38.02931,-78.47668,19:55:05,15,March,2024,Roster_Construction_Model
743,199.111.224.48,Charlottesville,38.04112,-78.47154,13:19:33,16,March,2024,Hello
744,199.111.224.48,Charlottesville,38.04112,-78.47154,13:20:51,16,March,2024,Hello
745,199.111.224.48,Charlottesville,38.04112,-78.47154,13:21:19,16,March,2024,Hello
746,199.111.224.48,Charlottesville,38.04112,-78.47154,13:22:20,16,March,2024,Hello
747,199.111.224.48,Charlottesville,38.04112,-78.47154,13:22:42,16,March,2024,Hello
748,199.111.224.48,Charlottesville,38.04112,-78.47154,13:22:53,16,March,2024,Hello
749,199.111.224.48,Charlottesville,38.04112,-78.47154,13:23:46,16,March,2024,Roster_Construction_Model
750,199.111.224.48,Charlottesville,38.04112,-78.47154,13:24:24,16,March,2024,Hello
751,199.111.224.208,Charlottesville,38.02931,-78.47668,10:24:59,25,March,2024,Hello
752,199.111.224.208,Charlottesville,38.02931,-78.47668,10:26:39,25,March,2024,Hello
753,199.111.224.208,Charlottesville,38.02931,-78.47668,10:26:56,25,March,2024,Bayesian_Shooting_Stats
754,199.111.224.208,Charlottesville,38.02931,-78.47668,10:26:59,25,March,2024,Hello
755,199.111.224.208,Charlottesville,38.02931,-78.47668,10:27:43,25,March,2024,Bayesian_Shooting_Stats
756,199.111.224.208,Charlottesville,38.02931,-78.47668,10:27:53,25,March,2024,Bayesian_Shooting_Stats
757,199.111.224.208,Charlottesville,38.02931,-78.47668,10:29:02,25,March,2024,Bayesian_Shooting_Stats
758,199.111.224.61,Charlottesville,38.02931,-78.47668,10:30:36,25,March,2024,Bayesian_Shooting_Stats
759,199.111.224.61,Charlottesville,38.02931,-78.47668,10:30:37,25,March,2024,Bayesian_Shooting_Stats
760,199.111.224.61,Charlottesville,38.02931,-78.47668,10:31:16,25,March,2024,Bayesian_Shooting_Stats
761,199.111.224.61,Charlottesville,38.02931,-78.47668,10:31:45,25,March,2024,Bayesian_Shooting_Stats
762,199.111.224.208,Charlottesville,38.02931,-78.47668,10:32:07,25,March,2024,Hello
763,199.111.224.61,Charlottesville,38.02931,-78.47668,10:32:08,25,March,2024,Bayesian_Shooting_Stats
764,199.111.224.61,Charlottesville,38.02931,-78.47668,10:34:14,25,March,2024,Bayesian_Shooting_Stats
765,199.111.224.61,Charlottesville,38.02931,-78.47668,10:34:16,25,March,2024,Bayesian_Shooting_Stats
766,199.111.224.208,Charlottesville,38.02931,-78.47668,10:37:26,25,March,2024,Hello
767,199.111.224.208,Charlottesville,38.02931,-78.47668,10:37:47,25,March,2024,Bayesian_Shooting_Stats
768,199.111.224.208,Charlottesville,38.02931,-78.47668,10:38:16,25,March,2024,Hello
769,199.111.224.208,Charlottesville,38.02931,-78.47668,10:38:23,25,March,2024,Hello
770,199.111.224.208,Charlottesville,38.02931,-78.47668,10:38:27,25,March,2024,Bayesian_Shooting_Stats
771,199.111.224.208,Charlottesville,38.02931,-78.47668,10:38:54,25,March,2024,Bayesian_Shooting_Stats
772,199.111.224.208,Charlottesville,38.02931,-78.47668,10:39:35,25,March,2024,Bayesian_Shooting_Stats
773,199.111.224.61,Charlottesville,38.02931,-78.47668,10:40:18,25,March,2024,Bayesian_Shooting_Stats
774,199.111.224.61,Charlottesville,38.02931,-78.47668,10:40:41,25,March,2024,Bayesian_Shooting_Stats
775,199.111.224.61,Charlottesville,38.02931,-78.47668,10:41:07,25,March,2024,Bayesian_Shooting_Stats
776,199.111.224.61,Charlottesville,38.02931,-78.47668,10:45:14,25,March,2024,Bayesian_Shooting_Stats
777,199.111.224.61,Charlottesville,38.02931,-78.47668,10:46:05,25,March,2024,Bayesian_Shooting_Stats
778,199.111.224.208,Charlottesville,38.02931,-78.47668,10:46:22,25,March,2024,Bayesian_Shooting_Stats
779,199.111.224.208,Charlottesville,38.02931,-78.47668,10:46:35,25,March,2024,Bayesian_Shooting_Stats
780,199.111.224.208,Charlottesville,38.02931,-78.47668,10:46:43,25,March,2024,Bayesian_Shooting_Stats
781,199.111.224.208,Charlottesville,38.02931,-78.47668,10:47:10,25,March,2024,Bayesian_Shooting_Stats
782,199.111.224.61,Charlottesville,38.02931,-78.47668,10:48:24,25,March,2024,Bayesian_Shooting_Stats
783,199.111.224.61,Charlottesville,38.02931,-78.47668,10:48:28,25,March,2024,Bayesian_Shooting_Stats
784,199.111.224.61,Charlottesville,38.02931,-78.47668,10:48:31,25,March,2024,Bayesian_Shooting_Stats
785,199.111.224.61,Charlottesville,38.02931,-78.47668,10:49:10,25,March,2024,Hello
786,199.111.225.108,Charlottesville,38.02931,-78.47668,12:03:57,25,March,2024,Hello
787,199.111.225.108,Charlottesville,38.02931,-78.47668,12:04:35,25,March,2024,Hello
788,199.111.225.108,Charlottesville,38.02931,-78.47668,12:05:29,25,March,2024,Hello
789,199.111.225.108,Charlottesville,38.02931,-78.47668,12:06:11,25,March,2024,Hello
790,199.111.225.108,Charlottesville,38.02931,-78.47668,12:07:20,25,March,2024,Hello
791,216.197.71.109,Charlottesville,38.02931,-78.47668,17:01:56,25,March,2024,Hello
792,216.197.71.109,Charlottesville,38.02931,-78.47668,17:03:41,25,March,2024,Hello
793,216.197.71.109,Charlottesville,38.02931,-78.47668,17:03:45,25,March,2024,Hello
794,216.197.71.109,Charlottesville,38.02931,-78.47668,17:03:49,25,March,2024,Bayesian_Shooting_Stats
795,216.197.71.109,Charlottesville,38.02931,-78.47668,17:04:10,25,March,2024,Bayesian_Shooting_Stats
796,216.197.71.109,Charlottesville,38.02931,-78.47668,17:04:19,25,March,2024,Bayesian_Shooting_Stats
797,216.197.71.109,Charlottesville,38.02931,-78.47668,17:04:37,25,March,2024,Bayesian_Shooting_Stats
798,216.197.71.109,Charlottesville,38.02931,-78.47668,17:05:37,25,March,2024,Bayesian_Shooting_Stats
799,216.197.71.109,Charlottesville,38.02931,-78.47668,17:06:47,25,March,2024,Bayesian_Shooting_Stats
800,216.197.71.109,Charlottesville,38.02931,-78.47668,17:07:55,25,March,2024,Roster_Construction_Model
801,216.197.71.109,Charlottesville,38.02931,-78.47668,17:08:11,25,March,2024,Hello
802,216.197.71.109,Charlottesville,38.02931,-78.47668,17:08:12,25,March,2024,Hello
803,216.197.71.109,Charlottesville,38.02931,-78.47668,17:08:28,25,March,2024,My_Random_Stats
804,216.197.71.109,Charlottesville,38.02931,-78.47668,17:10:17,25,March,2024,My_Random_Stats
805,216.197.71.109,Charlottesville,38.02931,-78.47668,17:11:09,25,March,2024,My_Random_Stats
806,216.197.71.109,Charlottesville,38.02931,-78.47668,17:11:33,25,March,2024,My_Random_Stats
807,216.197.71.109,Charlottesville,38.02931,-78.47668,17:11:37,25,March,2024,My_Random_Stats
808,216.197.71.109,Charlottesville,38.02931,-78.47668,17:11:49,25,March,2024,My_Random_Stats
809,216.197.71.109,Charlottesville,38.02931,-78.47668,17:11:49,25,March,2024,My_Random_Stats
810,216.197.71.109,Charlottesville,38.02931,-78.47668,17:14:15,25,March,2024,My_Random_Stats
811,216.197.71.109,Charlottesville,38.02931,-78.47668,17:14:29,25,March,2024,My_Random_Stats
812,216.197.71.109,Charlottesville,38.02931,-78.47668,17:20:47,25,March,2024,My_Random_Stats
813,216.197.71.109,Charlottesville,38.02931,-78.47668,17:20:49,25,March,2024,Hello
814,216.197.71.109,Charlottesville,38.02931,-78.47668,17:21:19,25,March,2024,My_Random_Stats
815,216.197.71.109,Charlottesville,38.02931,-78.47668,17:21:25,25,March,2024,My_Random_Stats
816,216.197.71.109,Charlottesville,38.02931,-78.47668,17:22:13,25,March,2024,My_Random_Stats
817,216.197.71.109,Charlottesville,38.02931,-78.47668,17:22:29,25,March,2024,My_Random_Stats
818,216.197.71.109,Charlottesville,38.02931,-78.47668,17:23:02,25,March,2024,My_Random_Stats
819,216.197.71.109,Charlottesville,38.02931,-78.47668,17:23:22,25,March,2024,My_Random_Stats
820,216.197.71.109,Charlottesville,38.02931,-78.47668,17:23:33,25,March,2024,My_Random_Stats
821,216.197.71.109,Charlottesville,38.02931,-78.47668,17:23:48,25,March,2024,My_Random_Stats
822,216.197.71.109,Charlottesville,38.02931,-78.47668,17:24:48,25,March,2024,Hello
823,216.197.71.109,Charlottesville,38.02931,-78.47668,17:25:24,25,March,2024,Hello
824,216.197.71.109,Charlottesville,38.02931,-78.47668,17:26:19,25,March,2024,Hello
825,216.197.71.109,Charlottesville,38.02931,-78.47668,17:26:36,25,March,2024,Hello
826,216.197.71.109,Charlottesville,38.02931,-78.47668,17:27:58,25,March,2024,Hello
827,216.197.71.109,Charlottesville,38.02931,-78.47668,17:28:19,25,March,2024,My_Random_Stats
828,216.197.71.109,Charlottesville,38.02931,-78.47668,17:28:23,25,March,2024,My_Random_Stats
829,216.197.71.109,Charlottesville,38.02931,-78.47668,17:29:36,25,March,2024,Hello
830,216.197.71.109,Charlottesville,38.02931,-78.47668,17:33:26,25,March,2024,My_Random_Stats
831,216.197.71.109,Charlottesville,38.02931,-78.47668,17:33:30,25,March,2024,My_Random_Stats
832,216.197.71.109,Charlottesville,38.02931,-78.47668,17:57:11,25,March,2024,Hello
833,199.111.225.0,Charlottesville,38.02931,-78.47668,10:40:36,26,March,2024,My_Random_Stats
834,199.111.225.0,Charlottesville,38.02931,-78.47668,10:43:06,26,March,2024,My_Random_Stats
835,199.111.225.0,Charlottesville,38.02931,-78.47668,10:44:03,26,March,2024,My_Random_Stats
836,199.111.224.145,Charlottesville,38.02931,-78.47668,12:23:06,26,March,2024,Hello
837,199.111.224.145,Charlottesville,38.02931,-78.47668,12:23:41,26,March,2024,Hello
838,199.111.224.145,Charlottesville,38.02931,-78.47668,12:24:12,26,March,2024,My_Random_Stats
839,199.111.224.145,Charlottesville,38.02931,-78.47668,12:25:04,26,March,2024,My_Random_Stats
840,199.111.224.145,Charlottesville,38.02931,-78.47668,12:25:06,26,March,2024,My_Random_Stats
841,199.111.225.0,Charlottesville,38.02931,-78.47668,12:25:26,26,March,2024,My_Random_Stats
842,199.111.225.0,Charlottesville,38.02931,-78.47668,12:25:31,26,March,2024,My_Random_Stats
843,199.111.225.0,Charlottesville,38.02931,-78.47668,12:25:33,26,March,2024,My_Random_Stats
844,199.111.225.0,Charlottesville,38.02931,-78.47668,12:26:14,26,March,2024,My_Random_Stats
845,199.111.225.0,Charlottesville,38.02931,-78.47668,12:26:19,26,March,2024,My_Random_Stats
846,199.111.225.0,Charlottesville,38.02931,-78.47668,12:26:21,26,March,2024,My_Random_Stats
847,199.111.224.145,Charlottesville,38.02931,-78.47668,12:27:01,26,March,2024,My_Random_Stats
848,199.111.224.145,Charlottesville,38.02931,-78.47668,12:27:10,26,March,2024,My_Random_Stats
849,199.111.224.145,Charlottesville,38.02931,-78.47668,12:27:31,26,March,2024,My_Random_Stats
850,199.111.224.145,Charlottesville,38.02931,-78.47668,12:27:33,26,March,2024,My_Random_Stats
851,199.111.224.145,Charlottesville,38.02931,-78.47668,12:28:05,26,March,2024,My_Random_Stats
852,199.111.224.145,Charlottesville,38.02931,-78.47668,12:28:11,26,March,2024,My_Random_Stats
853,199.111.224.145,Charlottesville,38.02931,-78.47668,12:28:15,26,March,2024,My_Random_Stats
854,199.111.225.0,Charlottesville,38.02931,-78.47668,12:33:41,26,March,2024,My_Random_Stats
855,199.111.225.0,Charlottesville,38.02931,-78.47668,12:33:42,26,March,2024,My_Random_Stats
856,199.111.225.0,Charlottesville,38.02931,-78.47668,12:33:56,26,March,2024,My_Random_Stats
857,199.111.225.0,Charlottesville,38.02931,-78.47668,12:33:58,26,March,2024,My_Random_Stats
858,199.111.225.0,Charlottesville,38.02931,-78.47668,12:34:03,26,March,2024,My_Random_Stats
859,199.111.225.0,Charlottesville,38.02931,-78.47668,12:36:54,26,March,2024,My_Random_Stats
860,199.111.224.145,Charlottesville,38.02931,-78.47668,12:40:08,26,March,2024,My_Random_Stats
861,199.111.224.145,Charlottesville,38.02931,-78.47668,12:40:34,26,March,2024,My_Random_Stats
862,199.111.224.145,Charlottesville,38.02931,-78.47668,12:42:07,26,March,2024,My_Random_Stats
863,199.111.224.145,Charlottesville,38.02931,-78.47668,12:44:09,26,March,2024,My_Random_Stats
864,199.111.224.145,Charlottesville,38.02931,-78.47668,12:44:11,26,March,2024,My_Random_Stats
865,199.111.224.145,Charlottesville,38.02931,-78.47668,12:47:35,26,March,2024,My_Random_Stats
866,199.111.224.145,Charlottesville,38.02931,-78.47668,12:48:07,26,March,2024,My_Random_Stats
867,199.111.224.145,Charlottesville,38.02931,-78.47668,12:48:31,26,March,2024,My_Random_Stats
868,199.111.224.145,Charlottesville,38.02931,-78.47668,12:48:47,26,March,2024,Hello
869,199.111.224.145,Charlottesville,38.02931,-78.47668,12:49:00,26,March,2024,My_Random_Stats
870,199.111.224.145,Charlottesville,38.02931,-78.47668,12:49:41,26,March,2024,My_Random_Stats
871,199.111.224.145,Charlottesville,38.02931,-78.47668,12:49:44,26,March,2024,My_Random_Stats
872,199.111.224.145,Charlottesville,38.02931,-78.47668,13:07:14,26,March,2024,Hello
873,199.111.224.145,Charlottesville,38.02931,-78.47668,13:07:26,26,March,2024,My_Random_Stats
874,199.111.224.145,Charlottesville,38.02931,-78.47668,13:07:59,26,March,2024,My_Random_Stats
875,199.111.224.145,Charlottesville,38.02931,-78.47668,13:41:18,26,March,2024,Hello
876,199.111.224.145,Charlottesville,38.02931,-78.47668,13:41:33,26,March,2024,My_Random_Stats
877,199.111.224.145,Charlottesville,38.02931,-78.47668,13:42:12,26,March,2024,My_Random_Stats
878,199.111.224.145,Charlottesville,38.02931,-78.47668,13:42:42,26,March,2024,My_Random_Stats
879,199.111.224.145,Charlottesville,38.02931,-78.47668,13:42:43,26,March,2024,My_Random_Stats
880,199.111.224.145,Charlottesville,38.02931,-78.47668,13:44:43,26,March,2024,My_Random_Stats
881,199.111.225.0,Charlottesville,38.02931,-78.47668,13:45:51,26,March,2024,My_Random_Stats
882,199.111.225.0,Charlottesville,38.02931,-78.47668,13:46:02,26,March,2024,My_Random_Stats
883,199.111.225.0,Charlottesville,38.02931,-78.47668,13:46:05,26,March,2024,My_Random_Stats
884,199.111.225.0,Charlottesville,38.02931,-78.47668,13:46:35,26,March,2024,My_Random_Stats
885,199.111.225.0,Charlottesville,38.02931,-78.47668,13:46:46,26,March,2024,My_Random_Stats
886,199.111.224.129,Charlottesville,38.02931,-78.47668,18:20:37,26,March,2024,Hello
887,199.111.224.129,Charlottesville,38.02931,-78.47668,18:20:51,26,March,2024,My_Random_Stats
888,199.111.224.129,Charlottesville,38.02931,-78.47668,18:40:09,26,March,2024,Hello
889,199.111.224.129,Charlottesville,38.02931,-78.47668,18:40:10,26,March,2024,My_Random_Stats
890,199.111.224.129,Charlottesville,38.02931,-78.47668,18:40:27,26,March,2024,My_Random_Stats
891,199.111.224.129,Charlottesville,38.02931,-78.47668,18:41:12,26,March,2024,My_Random_Stats
892,199.111.224.129,Charlottesville,38.02931,-78.47668,18:42:26,26,March,2024,My_Random_Stats
893,199.111.224.129,Charlottesville,38.02931,-78.47668,18:43:15,26,March,2024,My_Random_Stats
894,199.111.224.129,Charlottesville,38.02931,-78.47668,18:43:25,26,March,2024,My_Random_Stats
895,199.111.224.129,Charlottesville,38.02931,-78.47668,18:47:22,26,March,2024,My_Random_Stats
896,199.111.224.129,Charlottesville,38.02931,-78.47668,18:47:40,26,March,2024,My_Random_Stats
897,199.111.224.129,Charlottesville,38.02931,-78.47668,18:48:04,26,March,2024,My_Random_Stats
898,199.111.224.129,Charlottesville,38.02931,-78.47668,18:48:47,26,March,2024,My_Random_Stats
899,199.111.224.129,Charlottesville,38.02931,-78.47668,18:49:41,26,March,2024,Hello
900,199.111.224.129,Charlottesville,38.02931,-78.47668,18:49:59,26,March,2024,Hello
901,199.111.224.129,Charlottesville,38.02931,-78.47668,18:50:00,26,March,2024,My_Random_Stats
902,199.111.224.129,Charlottesville,38.02931,-78.47668,18:51:17,26,March,2024,My_Random_Stats
903,199.111.224.111,Charlottesville,38.02931,-78.47668,18:51:55,26,March,2024,My_Random_Stats
904,199.111.224.129,Charlottesville,38.02931,-78.47668,18:53:04,26,March,2024,Hello
905,199.111.224.129,Charlottesville,38.02931,-78.47668,18:53:11,26,March,2024,My_Random_Stats
906,216.197.71.109,Charlottesville,38.02931,-78.47668,21:01:38,26,March,2024,My_Random_Stats
907,216.197.71.109,Charlottesville,38.02931,-78.47668,21:04:01,26,March,2024,My_Random_Stats
908,216.197.71.109,Charlottesville,38.02931,-78.47668,21:04:28,26,March,2024,My_Random_Stats
909,199.111.224.205,Charlottesville,38.02931,-78.47668,12:54:26,27,March,2024,Hello
910,199.111.224.205,Charlottesville,38.02931,-78.47668,12:54:42,27,March,2024,Hello
911,199.111.224.205,Charlottesville,38.02931,-78.47668,12:55:05,27,March,2024,My_Random_Stats
912,199.111.224.205,Charlottesville,38.02931,-78.47668,12:55:33,27,March,2024,My_Random_Stats
913,199.111.224.205,Charlottesville,38.02931,-78.47668,12:55:55,27,March,2024,My_Random_Stats
914,199.111.224.205,Charlottesville,38.02931,-78.47668,12:56:23,27,March,2024,My_Random_Stats
915,199.111.224.205,Charlottesville,38.02931,-78.47668,12:56:57,27,March,2024,My_Random_Stats
916,199.111.224.205,Charlottesville,38.02931,-78.47668,12:56:59,27,March,2024,My_Random_Stats
917,199.111.224.205,Charlottesville,38.02931,-78.47668,12:57:04,27,March,2024,My_Random_Stats
918,199.111.224.205,Charlottesville,38.02931,-78.47668,12:57:14,27,March,2024,My_Random_Stats
919,199.111.224.205,Charlottesville,38.02931,-78.47668,12:57:19,27,March,2024,My_Random_Stats
920,199.111.224.205,Charlottesville,38.02931,-78.47668,12:57:24,27,March,2024,My_Random_Stats
921,199.111.224.205,Charlottesville,38.02931,-78.47668,13:00:33,27,March,2024,Hello
922,199.111.224.205,Charlottesville,38.02931,-78.47668,13:00:45,27,March,2024,My_Random_Stats
923,199.111.224.205,Charlottesville,38.02931,-78.47668,13:01:06,27,March,2024,My_Random_Stats
924,199.111.224.205,Charlottesville,38.02931,-78.47668,13:01:44,27,March,2024,Hello
